id,Survey,Camera,Year,X,Y,nOcc,Habitat,Area,Zone,DistWater,Tree cover,DistVillag,Dog Freq,Human Freq,Freq small mammals,NDVI,Patch,Fishing Cat,Leopard Cat,Smooth-coated otter,Hairy-nosed otter,Large-spotted civet,Common Palm civet,Long-tailed macaque,Sunda Pangolin
1,1,KT04,2017,284938,1266789,44,Fringe mangrove,KK Island,Koh Kapik CPA,2,70,1509.193409,0,0,0.34150035,0.613402069,374.747,2,0,15,0,0,0,0,0
2,1,KT07,2017,285984,1265311,43,Back mangrove,KK Island,Koh Kapik CPA,110,100,2823.039195,0.51225047,0,0,0.757750094,412.569,0,0,0,0,0,0,0,0
3,1,KT08,2017,285087.6251,1270282.065,43,Back mangrove,KK Island,Conservation,50,60,3683.699528,0,0,0,0.822346032,141.236,0,0,0,0,0,0,3,0
4,1,KT10,2017,292647,1268800,24,Mixed mangrove,Islet,Koh Sralao CPA,50,80,3091.707612,0.170750157,0,4.09800376,0.673664093,58.258,0,0,0,0,0,1,0,0
5,1,KT11,2017,286571,1269779,40,Fringe mangrove,KK Island,Koh Sralao CPA,2,60,3838.415999,0,0,0,0.801711857,2389.698,1,0,0,0,0,0,9,0
6,1,KT12,2017,284935,1271102,40,Back mangrove,KK Island,Core Zone,50,60,4377.896575,0,0,0.341500313,0.693483174,59.835,0,0,2,0,0,0,6,0
7,1,KT14,2017,295954,1264404,43,Mixed mangrove,BSNP Mainland,BSNP,1,90,3818.677681,0,0,2.732002507,0.753926694,377.843,0,1,7,0,1,0,1,0
8,1,KT16,2017,287182,1270234,42,Back mangrove,Islet,Koh Sralao CPA,15,70,3651.016046,0,0.683000627,4.781004387,0.73547399,269.376,0,2,0,0,0,0,1,0
9,1,KT17,2017,295084,1265142,43,Melaleuca,BSNP Mainland,BSNP,3,60,4744.668047,0,0.170750157,0,0.475046217,858.42,0,3,0,0,5,0,0,0
10,1,KT18,2017,295563.684,1273661.622,44,Mixed mangrove,PKWS Mainland,PKWS,2,80,2637.863734,0,3.927253603,0,0.732879281,299.2,0,0,0,1,0,5,0,0
11,1,KT20,2017,295050,1267490,40,Melaleuca,BSNP Mainland,BSNP,50,90,5279.538293,0,0.341500313,0.170750157,0.567682505,858.42,0,0,0,0,2,0,8,0
12,1,KT21,2017,297113,1270264,40,Mixed mangrove,Islet,PKWS,3,100,5601.786934,0,0,0,0.813350618,82.398,0,0,6,0,0,0,1,0
13,1,KT23,2017,290975,1267507,41,Back mangrove,Islet,Koh Sralao CPA,200,20,1212.064886,0,0,0,0.459518552,88.926,0,2,0,0,0,0,0,0
14,1,S2,2017,295021.5308,1267500.645,40,Melaleuca,BSNP Mainland,BSNP,50,90,5250.752839,0,0.170750157,0,0.592329562,858.42,0,0,0,0,0,0,6,0
16,2,KT03,2017,296392.0561,1270172.38,37,Melaleuca,Islet,PKWS,2,40,5726.349478,0,0,0,0.529819667,82.47,0,0,0,0,0,0,0,0
17,2,KT04,2017,284938,1266789,64,Fringe mangrove,KK Island,Koh Kapik CPA,260,70,1509.193409,0.094379868,0.188759735,0.283139603,0.613402069,374.747,0,0,3,0,0,0,4,0
18,2,KT06,2017,287677,1266620,10,Back mangrove,KK Island,Koh Sralao CPA,110,60,2339.226903,0.094379868,0.094379868,0.849418809,0.641595125,103.469,0,0,0,0,0,0,0,0
19,2,KT07,2017,285984,1265311,45,Back mangrove,PKWS Mainland,Koh Kapik CPA,500,100,2823.039195,1.60445775,0,0,0.757750094,412.569,0,0,0,0,0,0,0,0
20,2,KT10,2017,292647,1268800,61,Mixed mangrove,Islet,Koh Sralao CPA,50,80,3091.707612,0,0.094379868,0.471899338,0.673664093,58.258,0,0,0,0,0,1,0,0
21,2,KT11,2017,286571,1269779,63,Fringe mangrove,KK Island,Koh Sralao CPA,2,60,3838.415999,0,1.698837618,0,0.801711857,2389.698,0,0,1,0,0,0,16,0
22,2,KT12,2017,284935,1271102,2,Back mangrove,KK Island,Core Zone,50,60,4377.896575,0,0,0,0.693483174,59.835,0,0,1,0,0,0,0,0
23,2,KT14,2017,295954,1264404,22,Mixed mangrove,BSNP Mainland,BSNP,1,90,3818.677681,0,0,0.377519471,0.753926694,377.843,0,1,2,0,0,0,3,0
24,2,KT16,2017,287182,1270234,63,Back mangrove,Islet,Koh Sralao CPA,15,70,3651.016046,0.094379868,0.755038941,0,0.73547399,269.376,0,1,7,0,0,0,2,0
25,2,KT17,2017,295084,1265142,29,Melaleuca,BSNP Mainland,BSNP,3,60,4744.668047,0,0.094379868,1.321318147,0.475046217,858.42,0,0,0,0,2,0,0,0
26,2,KT19,2017,288509,1268860,61,Back mangrove,KK Island,Koh Sralao CPA,75,50,1741.986975,0,0,0,0.662125349,259.465,0,0,0,0,0,0,6,0
27,2,KT20,2017,295050,1267490,12,Melaleuca,BSNP Mainland,BSNP,50,90,5279.538293,0,0,0.094379868,0.567682505,858.42,0,0,0,0,0,0,1,0
28,2,KT21,2017,297113,1270264,5,Mixed mangrove,Islet,PKWS,3,100,5601.786934,0,0,0.094379868,0.813350618,82.398,0,0,2,0,1,0,2,0
29,2,KT24,2017,291717,1268204,61,Fringe mangrove,Islet,Koh Sralao CPA,100,70,2018.751735,0.094379868,0.094379868,0,0.799693704,39.216,0,0,0,0,0,0,0,0
30,2,KT26,2017,289063,1268015,64,Semi-evergreen,Islet,Koh Sralao CPA,110,100,793.0561967,1.226938279,0.094379868,0,0.804615855,12.53,0,0,0,0,0,0,0,0
31,2,KT28,2017,284858,1266846,64,Fringe mangrove,KK Island,Koh Kapik CPA,2,60,1423.201438,0.094379868,0,0,0.400913239,374.747,1,0,2,0,0,0,3,0
32,2,KT32,2017,291821,1269367,55,Mixed mangrove,PKWS Mainland,PKWS,4,100,2665.837752,0,0.094379868,0.660659073,0.722274005,299.2,0,3,10,0,0,1,5,0
33,2,KT33,2017,294169,1264995,12,Mixed mangrove,BSNP Mainland,BSNP,3,70,5140.668495,0,0,0.377519471,0.75725776,377.843,0,1,0,0,1,0,0,0
34,2,KT36,2017,292068,1270655,61,Mixed mangrove,PKWS Mainland,PKWS,5,80,3772.62899,0.471899338,1.98197722,0.094379868,0.747506022,300.318,0,2,11,0,2,6,0,0
35,2,S2,2017,295021.5308,1267500.645,62,Melaleuca,BSNP Mainland,BSNP,50,90,5250.752839,0,0.094379868,0,0.592329562,858.42,0,0,0,0,0,0,2,0
36,3,KT04,2017,284938,1266789,77,Fringe mangrove,KK Island,Koh Kapik CPA,2,70,1509.193409,0.057640442,0.115280885,0.094379868,0.613402069,374.747,0,0,23,0,0,0,7,0
37,3,KT06,2017,287677,1266620,64,Back mangrove,KK Island,Koh Sralao CPA,260,60,2339.226903,0.057640442,0,0.660659073,0.641595125,103.469,0,0,0,0,0,0,2,0
38,3,KT07A,2017,285968.0481,1265712.735,50,Back mangrove,KK Island,Koh Kapik CPA,360,20,2828.778964,0.057640442,0.115280885,0,0.508100152,412.569,0,0,0,0,0,0,1,0
39,3,KT08,2017,285087.6251,1270282.065,9,Back mangrove,KK Island,Conservation,50,60,3683.699528,0,0,0.057640442,0.822346032,141.236,0,0,1,0,0,0,0,0
40,3,KT10,2017,292647,1268800,77,Mixed mangrove,Islet,Koh Sralao CPA,50,80,3091.707612,0.057640442,0.115280885,0,0.673664093,58.258,0,0,0,0,0,0,0,0
41,3,KT11,2017,286571,1269779,76,Fringe mangrove,KK Island,Koh Sralao CPA,2,60,3838.415999,0,0.576404424,0,0.801711857,2389.698,0,0,3,0,0,0,3,0
42,3,KT12,2017,284935,1271102,9,Back mangrove,KK Island,Core Zone,50,60,4377.896575,0,0,0.057640442,0.693483174,59.835,0,0,0,0,0,0,3,0
43,3,KT14,2017,295954,1264404,11,Mixed mangrove,BSNP Mainland,BSNP,1,90,3818.677681,0,0,0,0.753926694,377.843,0,0,1,0,0,0,1,0
44,3,KT16,2017,287182,1270234,77,Back mangrove,Islet,Koh Sralao CPA,15,70,3651.016046,0,0.288202212,0,0.73547399,269.376,0,2,6,0,0,1,1,0
45,3,KT17,2017,295084,1265142,46,Melaleuca,BSNP Mainland,BSNP,3,60,4744.668047,0,0,0.749325751,0.475046217,858.42,0,0,0,0,2,0,0,0
46,3,KT18,2017,295563.684,1273661.622,127,Mixed mangrove,PKWS Mainland,PKWS,2,80,2637.863734,0,0.057640442,0.115280885,0.732879281,299.2,0,0,0,0,0,14,0,0
47,3,KT19A,2017,288282.5447,1268882.019,77,Back mangrove,KK Island,Koh Sralao CPA,75,80,1926.437205,0.057640442,0.461123539,0.288202212,0.761299431,259.465,3,0,0,0,0,0,18,0
48,3,KT19B,2017,283520.1907,1264488.19,78,Back mangrove,KK Island,Koh Kapik CPA,250,10,1179.672506,0.806966193,0.518763981,0,0.297605455,59.991,0,0,0,0,0,0,0,0
49,3,KT20,2017,295050,1267490,63,Melaleuca,BSNP Mainland,BSNP,50,90,5279.538293,0.23056177,0.115280885,0,0.567682505,858.42,0,0,0,0,0,0,0,0
50,3,KT21,2017,297113,1270264,4,Mixed mangrove,Islet,PKWS,3,100,5601.786934,0,0,0.576404424,0.813350618,82.398,0,0,3,0,0,0,0,0
51,3,KT22A,2017,289026.4626,1269789.33,77,Fringe mangrove,Islet,Koh Sralao CPA,4,100,2255.503343,0,0.922247078,0,0.805209517,288.449,0,0,0,0,0,0,6,0
52,3,KT23,2017,290975,1267507,117,Back mangrove,Islet,Koh Sralao CPA,200,20,1212.064886,0,0.23056177,0,0.459518552,88.926,0,0,0,0,0,2,4,0
53,3,KT24A,2017,290437.7443,1267149.382,77,Fringe mangrove,Islet,Koh Sralao CPA,3,80,838.7493431,0.115280885,0,0,0.752776802,76.875,0,0,0,0,0,0,0,0
54,3,KT28,2017,284858,1266846,77,Fringe mangrove,KK Island,Koh Kapik CPA,2,60,1423.201438,0.115280885,0.345842654,0,0.400913239,374.747,0,0,10,0,0,0,6,0
55,3,KT32,2017,291821,1269367,77,Mixed mangrove,PKWS Mainland,PKWS,4,100,2665.837752,0,0.115280885,0,0.722274005,299.2,0,0,31,0,1,1,17,0
56,3,KT33,2017,294169,1264995,26,Mixed mangrove,BSNP Mainland,BSNP,3,70,5140.668495,0,0,0,0.75725776,377.843,0,0,3,0,1,0,0,0
57,3,KT35,2017,289463.397,1268470.035,76,Back mangrove,KK Island,Koh Sralao CPA,90,100,866.4833413,0.057640442,0.97988752,0.057640442,0.802366018,259.465,0,0,0,0,0,0,5,0
58,3,KT37,2017,285906.0442,1269462.054,76,Back mangrove,KK Island,Koh Sralao CPA,60,90,3493.022779,0,0.172921327,0.23056177,0.748067319,259.465,3,0,0,0,0,0,22,0
59,3,KT38,2017,284125.6127,1266985.391,6,Fringe mangrove,KK Island,Koh Kapik CPA,2,80,684.0488566,0,0,0,0.755409241,374.747,1,0,0,0,0,0,1,0
60,3,S2,2017,295021.5308,1267500.645,79,Melaleuca,BSNP Mainland,BSNP,50,90,5250.752839,0,0.172921327,0,0.592329562,858.42,0,0,0,0,0,0,0,0
61,4,KT04,2017,284938,1266789,5,Fringe mangrove,KK Island,Koh Kapik CPA,2,70,1509.193409,0,0,0,0.613402069,374.747,0,0,3,0,0,0,0,0
62,4,KT07B,2017,285339.6,1265117.5,42,Back mangrove,KK Island,Koh Kapik CPA,215,20,2240.826658,0,0.42129092,0.23056177,0.656078875,412.569,0,0,0,0,0,0,4,0
63,4,KT08,2017,285087.6251,1270282.065,17,Back mangrove,KK Island,Conservation,50,60,3683.699528,0,0,0.115280885,0.822346032,141.236,0,0,0,0,0,0,2,0
64,4,KT12,2017,284935,1271102,31,Back mangrove,KK Island,Core Zone,50,60,4377.896575,0,0,0.057640442,0.693483174,59.835,0,0,0,0,0,0,2,0
65,4,KT14,2017,295954,1264404,15,Mixed mangrove,BSNP Mainland,BSNP,1,90,3818.677681,0,0,0,0.753926694,377.843,0,0,4,0,0,0,0,0
66,4,KT16,2017,287182,1270234,4,Back mangrove,Islet,Koh Sralao CPA,15,70,3651.016046,0,0,0,0.73547399,269.376,0,0,0,0,0,0,1,0
67,4,KT17,2017,295084,1265142,68,Melaleuca,BSNP Mainland,BSNP,3,60,4744.668047,0,0,0,0.475046217,858.42,0,0,0,0,0,0,6,0
68,4,KT18,2017,295563.684,1273661.622,19,Mixed mangrove,PKWS Mainland,PKWS,2,80,2637.863734,0,0.772366686,0,0.732879281,299.2,0,0,0,0,0,0,0,0
69,4,KT19A,2017,288282.5447,1268882.019,148,Back mangrove,KK Island,Koh Sralao CPA,75,80,1926.437205,0.070215153,1.263872759,0.702151533,0.761299431,259.465,7,0,0,0,0,0,20,0
70,4,KT22A,2017,289026.4626,1269789.33,141,Fringe mangrove,Islet,Koh Sralao CPA,4,100,2255.503343,0,1.404303065,0.140430307,0.805209517,288.449,0,0,0,0,0,0,7,0
71,4,KT28,2017,284858,1266846,3,Fringe mangrove,KK Island,Koh Kapik CPA,2,60,1423.201438,0,0.070215153,0.842581839,0.400913239,374.747,0,0,0,0,0,0,0,0
72,4,KT29,2017,282834.7019,1264830.802,35,Fringe mangrove,KK Island,Koh Kapik CPA,6,40,1814.34438,0.21064546,0.842581839,0,0.534713805,173.269,1,0,0,0,0,0,1,0
73,4,KT32,2017,291821,1269367,43,Mixed mangrove,PKWS Mainland,PKWS,4,100,2665.837752,0.070215153,0,0,0.722274005,299.2,0,0,19,0,1,1,5,0
74,4,KT33,2017,294169,1264995,124,Mixed mangrove,BSNP Mainland,BSNP,3,70,5140.668495,0.140430307,0.070215153,0,0.75725776,377.843,0,0,22,0,0,3,1,0
75,4,KT35A,2017,289438.2224,1268475.183,148,Back mangrove,KK Island,Koh Sralao CPA,110,70,880.5364754,0,0.561721226,0,0.660341561,259.465,3,0,0,0,0,0,2,0
76,4,KT37,2017,285906.0442,1269462.054,106,Back mangrove,KK Island,Koh Sralao CPA,60,90,3493.022779,0,0.070215153,0,0.748067319,259.465,2,0,0,0,0,0,9,0
77,4,KT38,2017,284125.6127,1266985.391,147,Fringe mangrove,KK Island,Koh Kapik CPA,2,80,684.0488566,0.561721226,0.351075766,0,0.755409241,374.747,1,0,1,0,0,0,21,0
78,4,KT39,2017,287150.3243,1266705.778,8,Fringe mangrove,Islet,Koh Sralao CPA,2,80,2790.128683,0,0.140430307,0.21064546,0.786080599,139.437,0,0,2,0,0,0,0,0
79,4,KT40,2017,287667.8208,1266959.626,9,Back mangrove,Islet,Koh Sralao CPA,35,20,2217.958154,0,0,0,0.580124259,103.469,0,0,0,0,0,0,0,0
80,4,S11,2017,295914.8737,1266812.007,50,Mixed mangrove,BSNP Mainland,BSNP,3,40,4541.997645,0,0.140430307,0.772366686,0.766395032,377.843,0,0,1,0,0,0,2,0
81,4,S8,2017,284849.6266,1266904.2,147,Fringe mangrove,KK Island,Koh Kapik CPA,2,60,1410.305521,0.070215153,0.21064546,0,0.68350172,374.747,1,0,10,0,0,0,9,0
82,4,S9,2017,284493.2706,1267092.625,147,Fringe mangrove,KK Island,Koh Kapik CPA,3,80,1057.038465,0.42129092,0.280860613,0.140430307,0.702871382,374.747,2,0,29,0,0,0,13,0
83,5,KT04,2018,284938,1266789,4,Fringe mangrove,KK Island,Koh Kapik CPA,2,70,1509.193409,0,0,2.106454598,0.279953927,374.747,0,0,1,0,0,0,0,0
84,5,KT19A,2018,288282.5447,1268882.019,70,Back mangrove,KK Island,Koh Sralao CPA,75,80,1926.437205,0,0.329088097,0.140430307,0.531899095,259.465,0,0,0,0,0,0,30,0
85,5,KT32,2018,291821,1269367,69,Mixed mangrove,PKWS Mainland,PKWS,4,100,2665.837752,0,0.164544048,0,0.442188889,299.2,1,0,10,0,1,1,9,0
86,5,KT37,2018,285906.0442,1269462.054,70,Back mangrove,KK Island,Koh Kapik CPA,60,90,3493.022779,0,0,0,0.516587675,259.465,0,0,0,0,0,0,6,0
87,5,KT38,2018,284125.6127,1266985.391,69,Fringe mangrove,KK Island,Koh Sralao CPA,40,80,684.0488566,1.809984533,1.151808339,0.351075766,0.487420052,374.747,1,0,0,0,0,0,11,0
88,5,KT41A,2018,287237.7147,1268749.784,4,Back mangrove,KK Island,Koh Sralao CPA,50,90,2758.540579,0,0,0,0.42882964,259.465,0,0,0,0,0,0,2,0
89,5,KT42,2018,287125.6814,1267773.384,69,Back mangrove,KK Island,Koh Sralao CPA,40,100,2648.829963,0,0,1.809984533,0.451273024,259.465,1,0,0,0,0,0,13,0
90,5,KT43,2018,288653.8846,1268813.135,69,Back mangrove,KK Island,Koh Kapik CPA,1,50,1606.014979,0,0.987264291,0,0.472254544,259.465,1,0,0,0,0,0,5,0
91,5,KT44,2018,284599.4902,1264192.249,43,Fringe mangrove,KK Island,Koh Kapik CPA,100,10,1056.284706,0.329088097,0.164544048,0,0.252432168,374.747,0,0,0,0,0,0,0,0
92,5,KT45,2018,284894.1544,1264619.076,12,Back mangrove,KK Island,Koh Kapik CPA,4,100,1573.475639,0,0,0,0.31414637,412.569,0,0,0,0,0,0,0,0
93,5,KT46,2018,283401.0331,1268172.677,27,Back mangrove,KK Island,Koh Sralao CPA,1,60,1187.219621,0,0,4.442689308,0.473986387,147.931,1,0,0,0,0,0,0,0
94,5,S9,2018,284493.2706,1267092.625,44,Fringe mangrove,KK Island,Koh Kapik CPA,3,80,1057.038465,1.151808339,0.164544048,0.164544048,0.431132078,374.747,0,0,15,0,0,0,4,0
95,6,KT04,2018,284938,1266789,7,Fringe mangrove,KK Island,Koh Kapik CPA,2,70,1509.193409,0,0,3.290880969,0.279953927,374.747,0,0,4,0,0,0,0,0
96,6,KT19A,2018,288282.5447,1268882.019,81,Back mangrove,KK Island,Koh Sralao CPA,75,80,1926.437205,0,0.584374982,2.303616678,0.531899095,259.465,0,0,0,0,0,0,36,0
97,6,KT32,2018,291821,1269367,78,Mixed mangrove,PKWS Mainland,PKWS,4,100,2665.837752,0,0,2.797248824,0.442188889,299.2,0,1,3,0,0,0,2,0
98,6,KT35A,2018,289438.2224,1268475.183,81,Back mangrove,KK Island,Koh Sralao CPA,110,70,880.5364754,0,0,0.493632145,0.422222227,259.465,0,0,0,0,0,0,0,0
99,6,KT37,2018,285906.0442,1269462.054,82,Back mangrove,KK Island,Koh Sralao CPA,60,90,3493.022779,0,0.194791661,4.607233356,0.516587675,259.465,1,0,0,0,0,0,11,0
100,6,KT38,2018,284125.6127,1266985.391,32,Fringe mangrove,KK Island,Koh Kapik CPA,2,80,684.0488566,0.584374982,0.584374982,0.164544048,0.487420052,374.747,0,0,0,0,0,0,3,0
101,6,KT41A,2018,287237.7147,1268749.784,81,Back mangrove,KK Island,Koh Sralao CPA,40,90,2758.540579,0,0,0,0.42882964,259.465,0,0,0,0,0,0,1,0
102,6,KT47,2018,292924.224,1269085.513,78,Mixed mangrove,PKWS Mainland,PKWS,6,60,3458.447085,0,1.363541624,0,0.281216055,299.2,0,6,0,0,1,9,4,0
103,7,KT32,2018,291821,1269367,42,Mixed mangrove,PKWS Mainland,PKWS,4,100,2665.837752,0,0,0,0.442188889,299.2,0,0,0,0,0,0,8,0
104,7,KT35A,2018,289438.2224,1268475.183,9,Back mangrove,KK Island,Koh Sralao CPA,110,70,880.5364754,0,0.580984944,0,0.422222227,259.465,0,0,0,0,0,0,0,0
105,7,KT41B,2018,287244.5756,1268763.789,72,Back mangrove,KK Island,Koh Sralao CPA,50,80,2757.810868,0,0,4.090624872,0.446322918,259.465,0,0,0,0,0,0,21,0
106,7,KT42A,2018,287090.2572,1267862.23,153,Back mangrove,KK Island,Koh Sralao CPA,170,100,2689.4192,0,0.871477416,0.389583321,0.470540762,259.465,0,0,0,0,0,1,9,0
107,7,KT47,2018,292924.224,1269085.513,73,Mixed mangrove,PKWS Mainland,PKWS,6,60,3458.447085,0,1.161969888,0,0.281216055,299.2,0,0,0,0,0,0,4,0
108,8,KT04,2018,284938,1266789,104,Fringe mangrove,KK Island,Koh Kapik CPA,2,70,1509.193409,1.501633563,0.21451908,0,0.279953927,374.747,0,0,44,0,0,0,4,0
109,8,KT19A,2018,288282.5447,1268882.019,106,Back mangrove,KK Island,Koh Sralao CPA,75,80,1926.437205,0,1.501633563,0,0.531899095,259.465,0,0,0,0,0,0,25,0
110,8,KT32,2018,291821,1269367,33,Mixed mangrove,PKWS Mainland,PKWS,4,100,2665.837752,0,0.21451908,0,0.442188889,299.2,0,0,3,0,0,0,0,0
111,8,KT46,2018,283401.0331,1268172.677,94,Back mangrove,KK Island,Koh Kapik CPA,1,60,1187.219621,0.429038161,4.075862528,0.871477416,0.473986387,147.931,0,0,0,0,0,0,3,0
112,8,KT47,2018,292924.224,1269085.513,33,Mixed mangrove,PKWS Mainland,PKWS,6,60,3458.447085,0,0.429038161,0,0.281216055,299.2,0,0,0,0,0,0,0,0
113,8,KT54,2018,282450.9892,1265004.682,103,Semi-evergreen,KK Island,Koh Kapik CPA,80,50,2193.080069,0.21451908,0,6.10034191,0.552622676,13.975,0,0,0,0,0,0,0,0
114,9,KT19A,2018,288282.5447,1268882.019,27,Back mangrove,KK Island,Koh Sralao CPA,75,80,1926.437205,0,1.330747248,0,0.531899095,259.465,2,0,0,0,0,0,10,0
115,9,KT32,2018,291821,1269367,31,Mixed mangrove,PKWS Mainland,PKWS,4,100,2665.837752,0,0.665373624,0.429038161,0.442188889,299.2,0,0,10,0,0,0,6,0
116,9,KT37,2018,285906.0442,1269462.054,31,Back mangrove,KK Island,Koh Sralao CPA,60,90,3493.022779,0,0.998060436,0,0.516587675,259.465,0,0,0,0,0,0,5,0
117,9,KT41B,2018,287244.5756,1268763.789,63,Back mangrove,KK Island,Koh Sralao CPA,50,80,2757.810868,0,0.998060436,0,0.446322918,259.465,0,0,0,0,0,0,26,0
118,9,KT42A,2018,287090.2572,1267862.23,56,Back mangrove,KK Island,Koh Sralao CPA,170,100,2689.4192,0,0,0,0.470540762,259.465,0,0,0,0,0,0,5,0
119,9,KT47,2018,292924.224,1269085.513,31,Mixed mangrove,PKWS Mainland,PKWS,6,60,3458.447085,0,0,0,0.281216055,299.2,0,1,0,0,0,6,3,0
120,9,KT53,2018,295372.9952,1270960.636,39,Mixed mangrove,PKWS Mainland,PKWS,1,80,5171.453147,0,0,0,0.48094663,299.2,0,0,0,0,0,0,4,0
121,10,KT53,2018,295372.9952,1270960.636,35,Mixed mangrove,PKWS Mainland,PKWS,1,80,5171.453147,0,5.911213572,5.322988991,0.48094663,299.2,0,0,0,0,0,1,0,0
122,10,KT60,2018,295344.4327,1273520.116,35,Mixed mangrove,PKWS Mainland,PKWS,2,100,2878.489714,0,0,0,0.492571414,299.2,0,0,1,3,0,0,0,0
123,10,KT61,2018,295861.9133,1269797.569,35,Mixed mangrove,PKWS Mainland,PKWS,6,70,6175.614597,0,0,0,0.235398218,299.2,0,1,0,0,0,0,0,0
124,11,KT04,2018,284938,1266789,64,Fringe mangrove,KK Island,Koh Kapik CPA,2,70,1509.193409,0,0.810965881,0,0.279953927,374.747,0,0,14,0,0,0,1,0
125,11,KT19A,2018,288282.5447,1268882.019,64,Back mangrove,KK Island,Koh Sralao CPA,75,80,1926.437205,0,0,0,0.531899095,259.465,0,0,0,0,0,0,0,0
126,11,KT32,2018,291821,1269367,65,Mixed mangrove,PKWS Mainland,PKWS,4,100,2665.837752,0,0,1.996120872,0.442188889,299.2,0,1,1,0,0,0,4,0
127,11,KT35A,2018,289438.2224,1268475.183,29,Back mangrove,KK Island,Koh Sralao CPA,110,70,880.5364754,0,0,0,0.422222227,259.465,0,0,0,0,0,0,1,0
128,11,KT41B,2018,287244.5756,1268763.789,64,Back mangrove,KK Island,Koh Sralao CPA,50,80,2757.810868,0,0.20274147,0.332686812,0.446322918,259.465,0,0,0,0,0,0,9,0
129,11,KT42A,2018,287090.2572,1267862.23,63,Back mangrove,KK Island,Koh Sralao CPA,170,100,2689.4192,0,0,0,0.470540762,259.465,0,0,0,0,0,0,7,0
130,11,KT47,2018,292924.224,1269085.513,65,Mixed mangrove,PKWS Mainland,PKWS,6,60,3458.447085,0,0,6.896415834,0.281216055,299.2,0,0,0,0,0,1,0,0
131,11,KT57,2018,287411.5976,1271831.769,80,Back mangrove,PKWS Mainland,Koh Sralao CPA,20,80,3939.107534,0,0,0,0.478741497,288.449,0,0,0,0,0,7,8,0
132,11,KT60,2018,295344.4327,1273520.116,31,Mixed mangrove,PKWS Mainland,PKWS,2,100,2878.489714,0,0,19.05769819,0.492571414,299.2,0,0,0,2,0,0,0,0
133,11,KT62,2018,287374.0649,1267417.55,15,Back mangrove,Islet,Koh Sralao CPA,2,80,2410.341587,0,0,1.216448821,0.520446122,139.437,0,0,1,0,0,0,1,0
134,11,KT66A,2018,295509.2551,1273680.786,31,Mixed mangrove,PKWS Mainland,PKWS,2,80,2664.333867,0.20274147,0,0,0.439967424,299.2,0,0,0,0,0,1,0,0
135,11,KT67,2018,295145.9405,1271514.735,7,Semi-evergreen,PKWS Mainland,PKWS,260,100,4734.234261,0,0,1.013707351,0.41978389,244.647,0,0,0,0,0,0,0,0
136,12,KT04,2019,284938,1266789,44,Fringe mangrove,KK Island,Koh Kapik CPA,2,70,1509.193409,1.176950599,0,0,0.395683467,374.747,0,0,4,0,0,0,0,0
137,12,KT19A,2019,288282.5447,1268882.019,43,Back mangrove,KK Island,Koh Sralao CPA,75,80,1926.437205,0,0.392316866,0.40548294,0.572563171,259.465,0,0,0,0,0,0,2,0
138,12,KT35A,2019,289438.2224,1268475.183,42,Back mangrove,KK Island,Koh Sralao CPA,110,70,880.5364754,0,0,0.40548294,0.490941226,259.465,0,0,0,0,0,0,2,0
139,12,KT47,2019,292924.224,1269085.513,42,Mixed mangrove,PKWS Mainland,PKWS,6,60,3458.447085,0,0,1.621931761,0.286142737,299.2,0,0,0,0,0,2,2,0
140,12,KT60,2019,295344.4327,1273520.116,40,Mixed mangrove,PKWS Mainland,PKWS,2,100,2878.489714,0,0,0,0.536165297,299.2,0,0,0,2,0,0,0,0
141,12,KT62,2019,287374.0649,1267417.55,21,Back mangrove,Islet,Koh Sralao CPA,2,80,2410.341587,0,0,1.621931761,0.588825226,139.437,0,0,0,0,0,0,1,0
142,12,KT66A,2019,295509.2551,1273680.786,34,Mixed mangrove,PKWS Mainland,PKWS,2,80,2664.333867,0,0,0.20274147,0.431414962,299.2,0,0,0,0,0,1,0,0
143,13,KT04,2019,284938,1266789,97,Fringe mangrove,KK Island,Koh Kapik CPA,2,70,1509.193409,0.370870015,0,0,0.395683467,374.747,0,0,18,0,0,0,2,0
144,13,KT19A,2019,288282.5447,1268882.019,97,Back mangrove,KK Island,Koh Sralao CPA,75,80,1926.437205,0,0.556305022,12.94645659,0.572563171,259.465,0,0,0,0,0,0,36,0
145,13,KT35B,2019,289400.4426,1268486.355,66,Back mangrove,KK Island,Koh Sralao CPA,150,60,905.7300556,0,0.092717504,8.630971063,0.447852761,259.465,0,0,0,0,0,0,4,0
146,13,KT41B,2019,287244.5756,1268763.789,106,Back mangrove,KK Island,Koh Sralao CPA,50,80,2757.810868,0,0,6.66938673,0.487157881,259.465,0,0,0,0,0,2,14,0
147,13,KT42,2019,287125.6814,1267773.384,97,Back mangrove,KK Island,Koh Sralao CPA,50,100,2648.829963,0,0,0.392316866,0.489814013,259.465,1,0,0,0,0,0,11,0
148,13,KT46A,2019,283326.7838,1268135.571,39,Back mangrove,KK Island,Koh Kapik CPA,1,50,1187.219621,0,0.278152511,0,0.30769226,147.931,1,0,0,0,0,0,4,0
149,13,KT47,2019,292924.224,1269085.513,97,Mixed mangrove,PKWS Mainland,PKWS,6,60,3458.447085,0.092717504,0.185435007,4.707802398,0.286142737,299.2,0,0,0,0,0,0,13,0
150,13,KT54,2019,282450.9892,1265004.682,232,Semi-evergreen,KK Island,Koh Kapik CPA,80,50,2193.080069,0.092717504,0.185435007,0,0.640995622,13.975,0,0,0,0,0,0,0,0
151,13,KT60,2019,295344.4327,1273520.116,64,Mixed mangrove,PKWS Mainland,PKWS,2,100,2878.489714,0,0,4.265005169,0.536165297,299.2,0,0,0,2,0,0,0,0
152,13,KT66,2019,295509.2551,1273680.786,90,Mixed mangrove,PKWS Mainland,PKWS,2,100,2652.361135,0,0,0.463587518,0.431414962,299.2,0,0,0,6,0,1,0,0
153,13,KT67,2019,295145.9405,1271514.735,16,Semi-evergreen,PKWS Mainland,PKWS,260,100,4734.234261,0,0,0,0.435005903,244.647,0,0,0,0,0,1,0,0
154,13,KT68,2019,295991.25,1272913.417,96,Mixed mangrove,PKWS Mainland,PKWS,2,80,3123.821521,0,0.092717504,0.649022526,0.546115577,299.2,0,0,8,0,0,2,0,0
155,13,KT69,2019,294850.0674,1271583.431,96,Mixed mangrove,PKWS Mainland,PKWS,5,70,4797.142246,0.185435007,0.834457533,0.092717504,0.562081814,299.2,0,0,10,0,0,3,1,0
156,13,KT70,2019,295173.9193,1271120.806,55,Mixed mangrove,PKWS Mainland,PKWS,2,80,5088.361867,0,0,0,0.578555465,299.2,0,0,0,0,0,0,1,0
157,13,S8,2019,284849.6266,1266904.2,3,Fringe mangrove,KK Island,Koh Kapik CPA,2,60,1410.305521,0,0.185435007,0,0.485207111,374.747,0,0,0,0,0,0,0,0
158,14,KT04,2019,284938,1266789,90,Fringe mangrove,KK Island,Koh Kapik CPA,2,70,1509.193409,0.398949964,0.265966642,0.278152511,0.395683467,374.747,0,0,14,0,0,0,6,0
159,14,KT19A,2019,288282.5447,1268882.019,90,Back mangrove,KK Island,Koh Sralao CPA,75,80,1926.437205,0,0.132983321,0,0.572563171,259.465,2,0,0,0,0,0,23,0
160,14,KT32,2019,291821,1269367,70,Mixed mangrove,PKWS Mainland,PKWS,4,100,2665.837752,0,0,0,0.485191643,299.2,0,0,3,0,0,0,5,0
161,14,KT35B,2019,289400.4426,1268486.355,70,Back mangrove,KK Island,Koh Sralao CPA,150,60,905.7300556,0,0,0,0.447852761,259.465,0,0,0,0,0,0,2,0
162,14,KT42,2019,287125.6814,1267773.384,90,Back mangrove,KK Island,Koh Sralao CPA,50,100,2648.829963,0,0.531933285,0.092717504,0.489814013,259.465,0,0,0,0,0,0,9,0
163,14,KT47,2019,292924.224,1269085.513,17,Mixed mangrove,PKWS Mainland,PKWS,6,60,3458.447085,0,0,0,0.286142737,299.2,0,1,0,0,0,2,0,0
164,14,KT62B,2019,287689.1009,1267731.212,18,Back mangrove,Islet,Koh Sralao CPA,2,60,2084.293226,0,0,0.092717504,0.439365685,139.437,0,0,3,0,0,0,0,0
165,14,KT66,2019,295509.2551,1273680.786,67,Mixed mangrove,PKWS Mainland,PKWS,2,100,2652.361135,0,0,0,0.431414962,299.2,0,0,0,2,0,0,0,0
166,14,KT69,2019,294850.0674,1271583.431,71,Mixed mangrove,PKWS Mainland,PKWS,5,70,4797.142246,0.132983321,0.664916606,0,0.562081814,299.2,0,0,3,0,0,1,1,0
167,14,KT72,2019,285576.4105,1268547.213,90,Fringe mangrove,KK Island,Koh Kapik CPA,0,100,2644.475017,0,0.265966642,0.531933285,0.651928484,2389.698,0,0,0,0,0,2,15,0
168,14,KT73,2019,286017.0854,1267651.959,90,Back mangrove,KK Island,Koh Kapik CPA,75,80,2659.901831,0,0,0,0.437977105,96.794,1,0,0,0,0,0,2,0
169,15,KT19A,2019,288282.5447,1268882.019,54,Back mangrove,KK Island,Koh Sralao CPA,75,80,1926.437205,0,0.125081616,0,0.572563171,259.465,0,0,0,0,0,0,8,0
170,15,KT32,2019,291821,1269367,117,Mixed mangrove,PKWS Mainland,PKWS,4,100,2665.837752,0,0.125081616,0,0.485191643,299.2,0,0,24,0,0,1,10,0
171,15,KT35B,2019,289400.4426,1268486.355,137,Back mangrove,KK Island,Koh Sralao CPA,150,60,905.7300556,0,0.87557131,0,0.447852761,259.465,0,0,0,0,0,0,0,0
172,15,KT42,2019,287125.6814,1267773.384,118,Back mangrove,KK Island,Koh Sralao CPA,50,100,2648.829963,0,0.375244847,0.132983321,0.489814013,259.465,0,0,0,0,0,0,7,0
173,15,KT47,2019,292924.224,1269085.513,103,Mixed mangrove,PKWS Mainland,PKWS,6,60,3458.447085,0,0.750489695,2.526683103,0.286142737,299.2,0,1,0,0,0,2,4,0
174,15,KT66,2019,295509.2551,1273680.786,106,Mixed mangrove,PKWS Mainland,PKWS,2,100,2652.361135,0,0.125081616,0,0.431414962,299.2,0,0,0,4,0,0,0,0
175,15,KT69,2019,294850.0674,1271583.431,137,Mixed mangrove,PKWS Mainland,PKWS,5,70,4797.142246,0.250163232,0.250163232,2.526683103,0.562081814,299.2,0,1,9,0,0,0,4,0
176,15,KT78,2019,283999.3658,1269133.344,35,Fringe mangrove,KK Island,Conservation,0,30,2218.310572,0,0,0.132983321,0.51545006,2389.698,0,0,0,0,0,0,0,0
177,16,KT19A,2020,288282.5447,1268882.019,12,Back mangrove,KK Island,Koh Sralao CPA,75,80,1926.437205,0,0.138667214,1.125734542,0.660666406,259.465,0,0,0,0,0,0,0,0
178,16,KT32,2020,291821,1269367,75,Mixed mangrove,PKWS Mainland,PKWS,4,100,2665.837752,0,0,0,0.584670246,299.2,0,0,4,0,0,0,10,0
179,16,KT35B,2020,289400.4426,1268486.355,75,Back mangrove,KK Island,Koh Sralao CPA,150,60,905.7300556,0,0,0,0.567326725,259.465,0,0,0,0,0,0,5,0
180,16,KT42,2020,287125.6814,1267773.384,18,Back mangrove,KK Island,Koh Sralao CPA,50,100,2648.829963,0,0,0,0.590418041,259.465,0,0,0,0,0,0,0,0
181,16,KT47,2020,292924.224,1269085.513,75,Mixed mangrove,PKWS Mainland,PKWS,6,60,3458.447085,0,0,0.250163232,0.453187793,299.2,0,1,0,0,0,3,9,0
182,16,KT54A,2020,282551.2083,1264872.587,228,Semi-evergreen,KK Island,Koh Kapik CPA,20,100,2027.986369,0.138667214,0.138667214,1.125734542,0.717229128,13.975,0,0,0,0,0,0,0,0
183,16,KT66,2020,295509.2551,1273680.786,77,Mixed mangrove,PKWS Mainland,PKWS,2,100,2652.361135,0,0.69333607,0,0.551020384,299.2,0,0,0,6,0,0,0,0
184,16,KT69,2020,294850.0674,1271583.431,76,Mixed mangrove,PKWS Mainland,PKWS,5,70,4797.142246,0,0.138667214,0,0.634945393,299.2,0,0,10,0,0,0,1,0
185,16,KT73,2020,286017.0854,1267651.959,74,Back mangrove,KK Island,Koh Kapik CPA,75,80,2659.901831,0,0,0,0.546494246,96.794,0,0,0,0,0,0,2,0
186,16,KT76,2020,297457.4132,1270474.157,21,Mixed mangrove,PKWS Mainland,PKWS,5,60,5408.99992,0,0,0,0.575630248,202.761,0,0,4,0,0,0,1,0
187,17,A,2020,283136.3464,1273785.556,90,Fringe mangrove,KK Island,Peam Krasop CPA,22,100,2989.837294,0,0.447076376,0,0.692899883,2389.698,0,0,0,0,0,0,2,0
188,17,B,2020,281683.115,1272749.43,89,Fringe mangrove,KK Island,Core Zone,34,100,2578.009373,0,0.063868054,0.138667214,0.752319992,2389.698,0,0,0,0,0,0,8,0
189,17,C,2020,283903.0198,1271829.102,41,Back mangrove,KK Island,Core Zone,203,60,4715.965303,0,0.063868054,0,0.517382383,66.789,0,0,0,0,0,0,0,0
190,17,D,2020,283838.4517,1270377.388,16,Fringe mangrove,KK Island,Core Zone,0,70,3414.002987,0,0.127736107,0.69333607,0.66681838,2389.698,0,0,0,0,0,0,0,0
191,17,E,2020,284167.6234,1269097.411,92,Fringe mangrove,KK Island,Conservation,0,100,2232.466915,0,0.766416645,0.416001642,0.012514221,2389.698,0,0,0,0,0,0,7,0
192,17,F,2020,283526.9285,1267901.379,12,Back mangrove,KK Island,Koh Kapik CPA,3,50,919.2649465,0.063868054,0,0,0.608791173,147.931,0,0,0,0,0,0,1,0
193,17,H.I,2020,283876,1267130,89,Fringe mangrove,KK Island,Koh Kapik CPA,2,60,457.74,0,0.063868054,0,0.590075552,374.747,1,0,0,0,0,0,4,0
194,17,J,2020,283969.7282,1267213.386,89,Fringe mangrove,KK Island,Koh Kapik CPA,2,80,575.0682859,0,0.447076376,0,0.746031761,374.747,3,0,3,0,0,0,5,0
195,17,KT19A,2020,288282.5447,1268882.019,89,Back mangrove,KK Island,Koh Sralao CPA,75,80,1926.437205,0,0.447076376,0,0.660666406,259.465,0,0,0,0,0,1,3,0
196,17,KT32,2020,291821,1269367,88,Mixed mangrove,PKWS Mainland,PKWS,4,100,2665.837752,0,0.191604161,1.852173558,0.584670246,299.2,0,1,11,0,0,0,16,1
197,17,KT42,2020,287125.6814,1267773.384,89,Back mangrove,KK Island,Koh Sralao CPA,50,100,2648.829963,0,0.447076376,1.021888859,0.590418041,259.465,0,0,0,0,0,0,4,0
198,17,KT43A,2020,289046.6898,1268641.663,27,Back mangrove,KK Island,Koh Sralao CPA,20,60,1220.325048,0,0.127736107,0.702548591,0.592476487,259.465,0,0,0,0,0,0,0,0
199,17,KT54A,2020,282551.2083,1264872.587,90,Semi-evergreen,KK Island,Koh Kapik CPA,20,100,2027.986369,0.127736107,0.127736107,1.149624967,0.717229128,13.975,0,0,0,0,0,0,0,0
200,17,KT62B,2020,287689.1009,1267731.212,92,Back mangrove,Islet,Koh Sralao CPA,2,60,2084.293226,0,0.063868054,0.702548591,0.527168751,139.437,0,0,14,0,0,0,3,0
201,17,KT66,2020,295509.2551,1273680.786,93,Mixed mangrove,PKWS Mainland,PKWS,2,100,2652.361135,0,0,0.127736107,0.551020384,299.2,0,0,0,14,0,4,0,1
202,17,KT69,2020,294850.0674,1271583.431,90,Mixed mangrove,PKWS Mainland,PKWS,5,70,4797.142246,0.127736107,0,2.363117987,0.634945393,299.2,0,1,5,0,0,5,1,0
203,17,KT73,2020,286017.0854,1267651.959,92,Back mangrove,KK Island,Koh Kapik CPA,75,80,2659.901831,0,0,0,0.546494246,96.794,1,0,0,0,0,1,0,0
204,17,KT80,2020,297660.564,1270222.036,90,Mixed mangrove,PKWS Mainland,PKWS,1,60,5679.81564,0,0,1.149624967,0.559146047,232.042,0,0,0,0,0,0,0,0
205,17,L,2020,289894.8641,1265189.85,6,Back mangrove,BSNP Mainland,Koh Sralao CPA,3,80,2473.24306,0,0,0,0.649122834,549.782,0,0,0,0,0,0,1,0
206,17,M,2020,292436.6466,1266236.738,88,Back mangrove,BSNP Mainland,BSNP,20,100,3020.259213,0,0.383208322,0.255472215,0.671538472,549.782,0,1,0,0,1,0,7,0
207,17,N,2020,297041.6851,1270330.249,6,Mixed mangrove,Islet,PKWS,4,40,5534.736204,0,0.063868054,0,0.629652619,82.398,0,0,0,0,0,2,3,0
208,17,O,2020,297233.9702,1272576.509,6,Mixed mangrove,PKWS Mainland,PKWS,3,90,3296.015787,0,0,2.554722148,0.651642442,186.443,0,0,0,0,0,1,0,0
209,18,4 _Rivers,2020,297712,1275565,112,Mixed mangrove,PKWS Mainland,PKWS,2,100,781.3,0,0,0.638680537,0.643216074,202.761,0,0,2,0,0,1,1,0
210,18,A,2020,283136.3464,1273785.556,114,Fringe mangrove,KK Island,Peam Krasop CPA,22,100,2989.837294,0,0.177171981,0.447076376,0.692899883,2389.698,0,0,0,0,0,0,0,0
211,18,B1,2020,281776,1272705,13,Fringe mangrove,KK Island,Core Zone,3,80,2631.8,0,0.354343962,0,0.668023527,2389.698,0,0,0,0,0,0,0,0
212,18,C,2020,283903.0198,1271829.102,62,Back mangrove,KK Island,Core Zone,203,60,4715.965303,0,0.118114654,0.574812483,0.517382383,66.789,0,0,0,0,0,0,0,0
213,18,E1,2020,284357,1269146,105,Back mangrove,KK Island,Conservation,20,100,2344.87,0,0.059057327,0,0.709040523,141.236,0,0,0,0,0,0,2,0
214,18,G,2020,284357,1269146,20,Back mangrove,KK Island,Conservation,20,100,2327.86,0.118114654,0.354343962,0.127736107,0.709040523,141.236,0,0,0,0,0,0,2,0
215,18,H.I,2020,282706,1264831,43,Mixed mangrove,KK Island,Koh Kapik CPA,4,60,1913.92,0,0.236229308,0,0.485681564,13.975,0,0,0,0,0,0,2,0
216,18,J,2020,283969.7282,1267213.386,75,Fringe mangrove,KK Island,Koh Kapik CPA,2,60,457.74,0.059057327,0.236229308,0,0.746031761,374.747,1,0,0,0,0,0,10,0
217,18,KT19A,2020,288282.5447,1268882.019,74,Back mangrove,KK Island,Koh Sralao CPA,2,80,575.07,0,0.236229308,0.191604161,0.660666406,259.465,1,0,0,0,0,1,2,0
218,18,KT32,2020,291821,1269367,113,Mixed mangrove,PKWS Mainland,PKWS,4,100,2665.837752,0,0.413401289,0,0.584670246,299.2,0,1,14,0,0,9,17,0
219,18,KT42,2020,287125.6814,1267773.384,113,Back mangrove,KK Island,Koh Sralao CPA,50,100,2648.83,0.059057327,0.177171981,0.063868054,0.590418041,259.465,2,0,0,0,0,0,7,0
220,18,KT60,2020,295344.4327,1273520.116,17,Mixed mangrove,PKWS Mainland,PKWS,2,100,2878.49,0,0,0.118114654,0.60594511,299.2,0,0,0,1,0,0,0,0
221,18,KT62B,2020,287689.1009,1267731.212,110,Back mangrove,Islet,Koh Sralao CPA,2,60,2084.29,0,0.236229308,0,0.527168751,139.437,0,0,7,0,0,0,0,0
222,18,KT69,2020,294850.0674,1271583.431,113,Mixed mangrove,PKWS Mainland,PKWS,5,70,4797.14,0.059057327,0.177171981,0,0.634945393,299.2,0,0,0,0,0,12,4,0
223,18,KT73,2020,286017.0854,1267651.959,112,Back mangrove,KK Island,Koh Kapik CPA,75,80,2659.9,0,0,0.413401289,0.546494246,96.794,0,0,0,0,0,0,1,0
224,18,M1,2020,293605,1267076,27,Back mangrove,BSNP Mainland,BSNP,20,70,3735.8,0.059057327,0.354343962,0.826802577,0.635869563,549.782,0,6,1,0,0,0,5,0
225,18,N1,2020,297018,1270258,63,Melaleuca,Islet,PKWS,87,60,5624.3,0,0.059057327,0,0.550761402,82.47,0,0,0,0,2,0,4,0
226,18,Q,2020,287218,1269129,114,Fringe mangrove,KK Island,Koh Sralao CPA,8,80,2932.84,0,1.063031885,0.118114654,0.654320955,2389.698,0,0,0,0,0,0,7,0
228,18,T,2020,282584,1264574,24,Fringe mangrove,KK Island,Koh Kapik CPA,4,50,1833.68,0.118114654,0,0.649630596,0.535960972,13.975,0,0,0,0,0,0,0,0
229,18,V,2020,295921.3,1273290.8,55,Mixed mangrove,PKWS Mainland,PKWS,1,60,2972.4,0,0.708687923,0,0.486884177,299.2,0,0,0,0,0,0,0,0
230,19,4 _Rivers,2020,297712,1275565,32,Mixed mangrove,PKWS Mainland,PKWS,2,100,781.3,0,0,0,0.643216074,202.761,0,0,1,0,0,0,0,0
231,19,C1,2020,283903.0198,1271829.102,176,Back mangrove,KK Island,Core Zone,204,60,4716.965303,0,0.351451601,0,0.517382383,66.789,2,0,0,0,0,0,1,0
232,19,C2,2020,284248,1271803,29,Back mangrove,KK Island,Core Zone,157,100,4956.9,0,0,0.118114654,0.697131932,66.789,0,0,0,0,0,0,1,0
233,19,D2,2020,285515,1270331,72,Back mangrove,KK Island,Conservation,122,100,3973.95,0,0.07029032,0.118114654,0.6287148,141.236,0,0,0,0,0,0,1,0
235,19,J,2020,283969.7282,1267213.386,75,Fringe mangrove,KK Island,Koh Kapik CPA,2,80,575.07,0.07029032,0.07029032,0.059057327,0.746031761,374.747,0,0,26,0,0,0,6,0
236,19,KT19A,2020,288282.5447,1268882.019,13,Back mangrove,Islet,Koh Sralao CPA,100,80,1926.437205,0,0,0,0.660666406,259.465,0,0,0,0,0,0,1,0
237,19,KT29,2020,282834.7019,1264830.802,75,Fringe mangrove,KK Island,Koh Kapik CPA,2,40,1814.34438,2.671032164,0.562322561,0,0.412719876,173.269,3,0,0,0,0,0,0,0
238,19,KT32,2020,291821,1269367,75,Mixed mangrove,PKWS Mainland,PKWS,4,100,2665.837752,0,0.21087096,0,0.584670246,299.2,0,1,4,0,0,4,3,0
239,19,KT36,2020,292068,1270655,63,Mixed mangrove,PKWS Mainland,PKWS,4,80,3772.62899,0.07029032,1.335516082,0.118114654,0.656829119,300.318,0,1,3,0,0,4,0,0
240,19,KT42,2020,287125.6814,1267773.384,74,Back mangrove,KK Island,Koh Sralao CPA,50,100,2648.829963,0,1.405806402,0,0.590418041,259.465,0,0,0,0,0,0,3,0
241,19,KT4C,2020,286002,1266874,74,Back mangrove,KK Island,Koh Kapik CPA,50,100,2251.34,0,0.07029032,0.059057327,0.582947135,59.104,0,0,0,0,0,0,3,0
242,19,KT60,2020,295344.4327,1273520.116,72,Mixed mangrove,PKWS Mainland,PKWS,2,100,2878.489714,0,0.843483841,0,0.60594511,299.2,0,0,0,4,0,0,0,0
243,19,KT62B,2020,287689.1009,1267731.212,74,Back mangrove,Islet,Koh Sralao CPA,2,60,2084.293226,0,0.14058064,0,0.527168751,139.437,0,0,5,0,0,1,3,0
244,19,KT85,2020,291979,1268000,73,Mixed mangrove,Islet,Koh Sralao CPA,2,50,2229.69,0,0,0.21087096,0.659574449,88.926,0,0,2,0,0,1,7,0
245,19,M2,2020,293160,1266301,75,Melaleuca,BSNP Mainland,BSNP,1,60,3657.72,0,0.14058064,0.28116128,0.546196818,858.42,0,0,0,0,0,3,6,0
246,19,N1,2020,297018,1270258,73,Melaleuca,Islet,PKWS,80,60,5624.3,0,0,0,0.550761402,82.47,0,0,0,0,2,0,0,0
247,19,Q,2020,287218,1269129,73,Fringe mangrove,KK Island,Koh Sralao CPA,87,80,2932.84,0,0.07029032,0.351451601,0.654320955,2389.698,0,0,0,0,0,0,1,0
250,19,S8,2020,284849.6266,1266904.2,75,Fringe mangrove,Islet,Koh Kapik CPA,10,60,1410.305521,0.07029032,0,0,0.572158337,374.747,1,0,39,0,0,0,2,0
251,19,V1,2020,295281,1273577,19,Semi-evergreen,PKWS Mainland,PKWS,237,80,2868.7,0,0,0,0.650887549,382.149,0,0,0,0,0,0,0,0
252,20,D2,2021,285515,1270331,94,Back mangrove,KK Island,Conservation,122,100,3973.95,0,0.143195493,0.28116128,0.718406081,141.236,2,0,0,0,0,0,0,0
253,20,KT29,2021,282834.7019,1264830.802,95,Fringe mangrove,KK Island,Koh Kapik CPA,6,40,1814.34438,1.28875944,0.715977467,0.07029032,0.555273175,173.269,1,0,0,0,0,0,0,0
254,20,KT32,2021,291821,1269367,94,Mixed mangrove,PKWS Mainland,PKWS,4,100,2665.837752,0,0,0.14058064,0.735512614,299.2,0,0,0,0,0,0,3,0
255,20,KT42,2021,287125.6814,1267773.384,93,Back mangrove,KK Island,Koh Sralao CPA,50,100,2648.829963,0,0.286390987,0.702903201,0.702046633,259.465,2,1,0,0,0,1,3,0
256,20,KT4C,2021,286002,1266874,94,Back mangrove,KK Island,Koh Kapik CPA,147,100,2251.34,0,0,0.28116128,0.692379594,59.104,0,0,0,0,0,0,4,0
257,20,KT60,2021,295344.4327,1273520.116,56,Mixed mangrove,PKWS Mainland,PKWS,2,100,2878.489714,0,0.143195493,0.421741921,0.75097549,299.2,0,0,0,2,0,0,0,0
258,20,KT62B,2021,287689.1009,1267731.212,87,Back mangrove,Islet,Koh Sralao CPA,2,60,2084.293226,0,0,0.14058064,0.652173877,139.437,0,0,24,0,0,0,1,0
259,20,KT69,2021,294850.0674,1271583.431,59,Mixed mangrove,PKWS Mainland,PKWS,5,70,4797.142246,0,0,0,0.764172316,299.2,0,0,3,0,0,2,0,0
260,20,M2,2021,293160,1266301,17,Melaleuca,BSNP Mainland,BSNP,80,60,3657.72,0,0,0,0.677581847,858.42,0,0,0,0,0,0,2,0
261,20,N1,2021,297018,1270258,19,Melaleuca,Islet,PKWS,87,60,5624.3,0,0,0,0.665299416,82.47,0,0,0,0,1,0,0,0
262,21,CL41,2021,284511.2076,1272296.906,10,Back mangrove,KK Island,Conservation,180,0,4913.420233,0,0.098888493,0.07029032,0.768197894,66.789,0,0,0,0,0,0,0,0
263,21,D2,2021,285514.75,1270330.59,23,Back mangrove,KK Island,Conservation,161,80,3934.455006,0,0,0.07029032,0.729821563,141.236,0,0,0,0,0,0,0,0
264,21,D3,2021,284824.5038,1271090.877,101,Fringe mangrove,KK Island,Core Zone,80,80,4330.913649,0,0.098888493,2.863909867,0.7027601,2389.698,0,0,0,0,0,1,1,0
265,21,KT29,2021,282823.7634,1264827.337,92,Fringe mangrove,KK Island,Koh Kapik CPA,6,80,1818.172977,2.768877813,2.37332384,1.145563947,0.505976081,173.269,0,0,0,0,0,0,0,0
266,21,H2,2021,284859.0053,1266903.141,100,Fringe mangrove,KK Island,Koh Kapik CPA,1,80,1419.728292,0.29666548,0.197776987,0,0.75155282,374.747,0,0,48,0,0,1,8,0
267,21,KG2,2021,283114.8167,1264678.623,5,Fringe mangrove,KK Island,Koh Kapik CPA,2,80,1530.267037,0,0,1.002368453,0.161666706,374.747,0,0,0,0,0,0,0,0
268,21,KT19A,2021,288278.2707,1268874.893,100,Back mangrove,KK Island,Koh Sralao CPA,75,50,1925.242237,0,0.197776987,0,0.758351088,259.465,0,0,0,0,0,4,1,0
269,21,KT32,2021,291821,1269367,54,Mixed mangrove,PKWS Mainland,PKWS,4,100,2665.837752,0,0,0.143195493,0.735512614,299.2,0,1,2,0,0,3,14,0
270,21,KT42,2021,287122.3626,1267771.679,100,Back mangrove,KK Island,Koh Sralao CPA,50,100,2652.073141,0,0.098888493,0,0.702046633,259.465,1,1,0,0,0,0,0,0
271,21,KT62B,2021,287689.1009,1267731.212,72,Back mangrove,Islet,Koh Sralao CPA,2,80,2084.144938,0,0,0.85917296,0.652173877,139.437,0,0,15,0,0,0,2,0
272,21,KT66,2021,295509.2551,1273680.786,65,Mixed mangrove,PKWS Mainland,PKWS,2,80,2625.93591,0,3.26332028,0.42958648,0.679075718,299.2,0,0,1,10,0,1,0,0
273,21,KTD4,2021,285974.6201,1266807.795,100,Back mangrove,KK Island,Koh Kapik CPA,210,80,2538.993205,0,0,0,0.758316398,59.104,0,0,0,0,0,0,6,0
274,21,M2,2021,293160,1266301,99,Melaleuca,BSNP Mainland,BSNP,80,60,3649.824571,0,0,0.494559842,0.677581847,858.42,0,1,0,0,0,2,2,0
275,22,F3,2021,284538.4129,1269426.821,46,Back mangrove,KK Island,Conservation,4,80,2675.583813,0.332225914,0,0,0.779231369,141.236,0,0,0,0,0,0,0,0
276,22,H2,2021,284859.0053,1266903.141,50,Fringe mangrove,KK Island,Koh Kapik CPA,1,80,1419.728292,0.332225914,0.332225914,0,0.75155282,374.747,0,0,22,0,0,0,0,0
277,22,J,2021,283969.7282,1267213.386,50,Fringe mangrove,KK Island,Koh Kapik CPA,2,80,575.0682859,0.332225914,0.332225914,0,0.845964253,374.747,0,0,1,0,0,0,5,0
278,22,KT19,2021,288278.2707,1268874.893,52,Back mangrove,KK Island,Koh Sralao CPA,75,50,1925.242237,0.332225914,1.661129568,0.664451827,0.758351088,259.465,0,0,0,0,0,1,0,0
279,22,KT32,2021,291821,1269367,51,Mixed mangrove,PKWS Mainland,PKWS,4,100,2665.837752,0,0,0,0.735512614,299.2,0,2,22,0,0,2,2,0
280,22,KT42,2021,287122.3626,1267771.679,52,Back mangrove,KK Island,Koh Sralao CPA,50,100,2652.073141,0,0.332225914,0,0.702046633,259.465,0,0,0,0,0,0,1,0
281,23,C3,2021,286922,1268219,5,Back mangrove,KK Island,Koh Sralao CPA,190,80,2904.273412,0,0,0,0.480503917,259.465,0,0,0,0,0,0,1,0
282,23,D3,2021,284824.5038,1271090.877,71,Fringe mangrove,KK Island,Core Zone,80,80,4330.913649,0,0.413793103,0,0.7027601,2389.698,0,0,0,0,0,1,0,0
283,23,KT29,2021,282823.7634,1264827.337,51,Fringe mangrove,KK Island,Koh Kapik CPA,6,80,1818.172977,0.551724138,1.103448276,0,0.505976081,173.269,0,0,0,0,0,0,0,0
284,23,KT29.2,2021,282823.7634,1264827.337,33,Fringe mangrove,KK Island,Koh Kapik CPA,6,80,1818.172977,0.551724138,0.413793103,0.965517241,0.505976081,173.269,0,0,0,0,0,0,0,0
285,23,G4,2021,283858.7203,1264704.382,54,Back mangrove,KK Island,Koh Kapik CPA,420,80,1326.093482,0.137931034,0.137931034,0,0.601851821,412.569,0,0,0,0,0,1,1,0
286,23,H2,2021,284859.0053,1266903.141,51,Fringe mangrove,KK Island,Koh Kapik CPA,1,80,1419.728292,0.137931034,0,0.137931034,0.75155282,374.747,0,0,43,0,0,0,0,0
287,23,J,2021,283969.7282,1267213.386,51,Fringe mangrove,KK Island,Koh Kapik CPA,2,80,575.0682859,0.137931034,0.275862069,0.689655172,0.845964253,374.747,1,0,3,0,0,0,9,0
288,23,KT19,2021,288278.2707,1268874.893,51,Back mangrove,KK Island,Koh Sralao CPA,75,50,1925.242237,0,1.103448276,4.275862069,0.758351088,259.465,1,0,0,0,0,1,0,0
289,23,KT42,2021,287122.3626,1267771.679,50,Back mangrove,KK Island,Koh Sralao CPA,50,100,2652.073141,0,0.275862069,0.137931034,0.702046633,259.465,0,0,0,0,0,0,3,0
290,23,M2,2021,293160,1266301,102,Melaleuca,BSNP Mainland,BSNP,80,60,3649.824571,0,0.137931034,0.137931034,0.677581847,858.42,0,0,0,0,0,0,2,0
291,23,N1,2021,297018,1270258,103,Melaleuca,Islet,PKWS,87,40,5624.3,0,0.137931034,0.827586207,0.665299416,82.47,0,0,0,0,0,0,0,0
292,23,S3,2021,282150.1163,1269713.598,104,Fringe mangrove,KK Island,Conservation,2,80,3017.33991,0.413793103,5.931034483,0,0.780958295,2389.698,0,0,0,0,0,0,1,0
293,24,A1,2021,280337.8484,1273662.791,2,Fringe mangrove,PKWS Mainland,Conservation,4,80,1322.333586,0,0,0,0.322203636,2389.698,0,0,0,0,0,0,1,0
294,24,A2,2021,278934.4747,1277363.538,31,Back mangrove,PKWS Mainland,Peam Krasop CPA,20,80,2792.238115,0,0,0,0.800578058,778.66,0,0,0,0,0,2,1,0
295,24,A3,2021,278895.5012,1274724.73,76,Fringe mangrove,PKWS Mainland,Peam Krasop CPA,8,80,1523.059515,0.092764378,0.927643785,1.85528757,0.666224003,6.542,0,0,0,0,0,0,0,0
296,24,B3,2021,281599.6675,1271563.928,62,Fringe mangrove,KK Island,Core Zone,2,80,3624.865097,0,0.278293135,0,0.76222086,2389.698,0,0,0,0,0,0,2,0
297,24,B3.2,2021,281599.6675,1271563.928,81,Fringe mangrove,KK Island,Core Zone,2,80,3624.865097,0,0.092764378,5.287569573,0.76222086,2389.698,0,0,0,0,0,0,2,0
298,24,D2,2021,285514.75,1270330.59,180,Back mangrove,KK Island,Conservation,161,80,3934.455006,0,0,0,0.729821563,141.236,0,0,0,0,0,0,4,0
299,24,E3,2021,283457.2653,1268097.497,79,Back mangrove,KK Island,Koh Kapik CPA,2,80,1111.477726,0,0,0.092764378,0.766339839,147.931,0,0,0,0,0,0,2,0
300,24,KT29,2021,282823.7634,1264827.337,48,Fringe mangrove,KK Island,Koh Kapik CPA,6,80,1818.172977,0.185528757,0.556586271,0,0.505976081,173.269,0,0,0,0,0,0,0,0
301,24,KT19A,2021,288278.2707,1268874.893,78,Back mangrove,KK Island,Koh Sralao CPA,75,50,1925.242237,0,1.391465677,0,0.758351088,259.465,0,1,0,0,0,1,0,0
302,24,KT19A.2,2021,288278.2707,1268874.893,45,Back mangrove,KK Island,Koh Sralao CPA,75,50,1925.242237,0,1.298701299,0,0.758351088,259.465,0,0,0,0,0,0,0,0
303,24,KT32,2021,291821,1269367,79,Mixed mangrove,PKWS Mainland,PKWS,4,100,2665.837752,0,0.185528757,0,0.735512614,299.2,0,0,20,0,0,8,5,0
304,24,KT42,2021,287122.3626,1267771.679,79,Back mangrove,KK Island,Koh Sralao CPA,50,100,2652.073141,0,0.278293135,0,0.702046633,259.465,1,0,0,0,0,1,2,0
305,24,M2,2021,293160,1266301,79,Melaleuca,BSNP Mainland,BSNP,80,60,3649.824571,0,0,0.185528757,0.677581847,858.42,0,0,0,0,0,1,4,0
306,24,M3,2021,293556.7302,1265429.634,26,Fringe mangrove,BSNP Mainland,BSNP,1,80,4392.206458,0,0.092764378,0.463821892,0.712018132,549.782,0,0,0,0,0,0,0,0
307,24,N1,2021,297018,1270258,79,Melaleuca,Islet,PKWS,87,40,5624.3,0,0,0,0.665299416,82.47,0,0,0,0,0,0,1,0
308,24,S3,2021,282150.1163,1269713.598,54,Fringe mangrove,KK Island,Conservation,2,80,3017.33991,0.649350649,1.020408163,0,0.780958295,2389.698,0,0,0,0,0,0,0,0
309,25,A3.2,2021,278751.7187,1274790.806,22,Fringe mangrove,PKWS Mainland,Peam Krasop CPA,2,80,1655.891357,0,0,0,0.398221791,6.542,0,0,0,0,0,0,0,0
310,25,B3.2,2021,281468.3776,1271515.054,20,Fringe mangrove,KK Island,Core Zone,2,80,3630.105684,0,0.169204738,0.338409475,0.836493611,2389.698,0,0,0,0,0,0,0,0
311,25,E3,2021,283457.2653,1268097.497,32,Back mangrove,KK Island,Koh Kapik CPA,2,80,1111.477726,0,0,0,0.766339839,147.931,0,0,0,0,0,0,1,0
312,25,KT29,2021,282823.7634,1264827.337,22,Fringe mangrove,KK Island,Koh Kapik CPA,6,80,1818.172977,0.507614213,0,0,0.505976081,173.269,0,0,0,0,0,0,0,0
313,25,H2,2021,284859.0053,1266903.141,109,Fringe mangrove,KK Island,Koh Kapik CPA,1,80,1419.728292,0,0.338409475,0,0.75155282,374.747,0,0,14,0,0,5,0,0
314,25,J4,2021,285221.3424,1267670.053,36,Fringe mangrove,KK Island,Koh Kapik CPA,10,80,1906.512826,0,0.169204738,1.353637902,0.875,2389.698,0,0,0,0,0,0,1,0
315,25,KT19A,2021,288278.2707,1268874.893,59,Back mangrove,KK Island,Koh Sralao CPA,75,50,1925.242237,0,0.169204738,0,0.758351088,259.465,0,0,0,0,0,0,0,0
316,25,KT19A.2,2021,288278.2707,1268874.893,32,Back mangrove,KK Island,Koh Sralao CPA,75,50,1925.242237,0,0.676818951,0,0.758351088,259.465,0,0,0,0,0,0,0,0
317,25,KT42,2021,287122.3626,1267771.679,109,Back mangrove,KK Island,Koh Sralao CPA,50,100,2652.073141,0,0.507614213,0,0.702046633,259.465,1,4,1,0,0,0,8,0
318,25,KT66,2021,295509.2551,1273680.786,28,Mixed mangrove,PKWS Mainland,PKWS,2,80,2625.93591,0,2.030456853,0,0.679075718,299.2,0,0,0,0,0,0,0,0
319,25,M2,2021,293160,1266301,35,Melaleuca,BSNP Mainland,BSNP,80,60,3649.824571,0,0,0,0.677581847,858.42,0,0,0,0,0,2,0,0
320,25,M3,2021,293556.7302,1265429.634,61,Fringe mangrove,BSNP Mainland,BSNP,1,80,4392.206458,0,3.553299492,0.169204738,0.712018132,549.782,0,0,0,0,0,0,0,0
321,25,N1,2021,297018,1270258,26,Melaleuca,Islet,PKWS,87,40,5624.3,0,0,0,0.665299416,82.47,0,0,0,0,2,0,0,0
322,26,A3.3,2022,279078,1276244,52,Fringe mangrove,KK Island,Peam Krasop CPA,0,80,1887.35,0,0.694444444,0,0.778379977,778.66,0,0,0,0,0,0,0,0
323,26,A4,2022,282299,1274303,52,Fringe mangrove,KK Island,Peam Krasop CPA,5,80,2060.91,0,0.115740741,0,0.601975322,123.497,0,0,0,0,0,0,2,0
324,26,B4,2022,281063,1271365,35,Fringe mangrove,KK Island,Conservation,2,80,3672.41,0,0.115740741,0.925925926,0.709908068,2389.698,0,0,0,0,0,0,1,0
325,26,C-O,2022,297712,1275565,15,Mixed mangrove,PKWS Mainland,PKWS,3,80,781.3,0,0,1.041666667,0.641357005,202.761,0,0,0,0,0,0,0,0
326,26,E3,2022,283457.2653,1268097.497,32,Back mangrove,KK Island,Koh Kapik CPA,2,80,1111.477726,0,0,0,0.680761874,147.931,0,0,0,0,0,0,2,0
327,26,G1,2022,282823.7634,1264827.337,49,Fringe mangrove,KK Island,Koh Kapik CPA,6,80,1818.172977,0.347222222,0.694444444,0,0.299334794,173.269,0,0,0,0,0,0,0,0
328,26,H2,2022,284859.0053,1266903.141,34,Fringe mangrove,KK Island,Koh Kapik CPA,1,80,1419.728292,0,0,0.115740741,0.565680504,374.747,0,0,7,0,0,0,3,0
329,26,J,2022,283969.7282,1267213.386,50,Fringe mangrove,KK Island,Koh Kapik CPA,2,80,575.0682859,0,0.347222222,0,0.759800851,374.747,0,0,0,0,0,0,6,0
330,26,J4,2022,285221.3424,1267670.053,14,Fringe mangrove,KK Island,Koh Kapik CPA,10,80,1906.512826,0,0,0,0.765386939,2389.698,0,0,0,0,0,0,1,0
331,26,KT19A,2022,288509,1268860,52,Back mangrove,KK Island,Koh Sralao CPA,75,50,1925.242237,0,0.347222222,0,0.302252471,259.465,0,1,0,0,0,0,0,0
332,26,KT19A.2,2022,288509,1268860,35,Back mangrove,KK Island,Koh Sralao CPA,75,50,1925.242237,0,0.925925926,0,0.302252471,259.465,0,0,0,0,0,0,1,0
333,26,KT32,2022,291821,1269367,48,Mixed mangrove,PKWS Mainland,PKWS,4,100,2665.837752,0,0.694444444,2.083333333,0.571622193,299.2,0,0,6,0,1,23,9,0
334,26,KT37,2022,285906.0442,1269462.054,40,Back mangrove,KK Island,Koh Sralao CPA,60,80,3493.02,0,0.810185185,0.231481481,0.657584369,259.465,0,0,0,0,0,0,2,0
335,26,KT42,2022,287122.3626,1267771.679,50,Back mangrove,KK Island,Koh Sralao CPA,50,100,2652.073141,0,0.115740741,0.231481481,0.589766979,259.465,1,2,0,0,0,1,1,0
336,26,KT66,2022,295509.2551,1273680.786,38,Mixed mangrove,PKWS Mainland,PKWS,2,80,2625.93591,0.115740741,0,0,0.553644598,299.2,0,0,0,1,0,0,0,0
337,26,KT91,2022,284531,1271311,52,Fringe mangrove,KK Island,Core Zone,6,80,5922.72,0,0,0,0.721527338,2389.698,0,0,0,0,0,0,1,0
338,26,KT92,2022,284079,1266996,52,Fringe mangrove,KK Island,Koh Kapik CPA,5,80,332.36,0,0.115740741,0.578703704,0.602283537,374.747,1,0,2,0,0,0,0,0
339,26,KT93,2022,295132,1273495,10,Mixed mangrove,PKWS Mainland,PKWS,1,80,2994,0,0,3.935185185,0.63909775,299.2,0,0,0,2,0,1,0,0
340,26,M2,2022,293160,1266301,19,Melaleuca,BSNP Mainland,BSNP,80,60,3649.824571,0,0,0.231481481,0.550933778,858.42,0,1,0,0,0,2,3,0
341,26,M2.2,2022,293160,1266301,52,Melaleuca,BSNP Mainland,BSNP,214.93,60,3649.824571,0,0,0,0.550933778,858.42,0,0,0,0,0,0,3,0
342,26,M3,2022,293556.7302,1265429.634,46,Fringe mangrove,BSNP Mainland,BSNP,1,80,4392.206458,0,0.347222222,0,0.524625242,549.782,0,0,0,0,0,0,0,0
343,26,N1,2022,297018,1270258,46,Melaleuca,Islet,PKWS,87,40,5624.3,0,0,0,0.538060009,82.47,0,0,0,0,0,0,0,0
344,27,A3.3,2022,279078,1276244,69,Fringe mangrove,KK Island,Peam Krasop CPA,0,80,1887.35,0,0.825309491,0.137551582,0.778379977,778.66,0,0,0,0,0,0,3,0
345,27,G1,2022,282823.7634,1264827.337,10,Fringe mangrove,KK Island,Koh Kapik CPA,6,80,1818.172977,0,0.137551582,0,0.299334794,173.269,0,0,0,0,0,0,0,0
346,27,H2,2022,284859.0053,1266903.141,20,Fringe mangrove,KK Island,Koh Kapik CPA,1,80,1419.728292,0,0,0,0.565680504,374.747,0,0,16,0,0,0,0,0
347,27,J,2022,283969.7282,1267213.386,6,Fringe mangrove,KK Island,Koh Kapik CPA,2,80,575.0682859,0.137551582,0,0.137551582,0.759800851,374.747,0,0,2,0,0,1,3,0
348,27,K42.2,2022,287122.3626,1267771.679,28,Back mangrove,KK Island,Koh Sralao CPA,50,100,2652.073141,0,0,1.100412655,0.589766979,259.465,0,0,0,0,0,0,0,0
349,27,KT19,2022,288509,1268860,47,Back mangrove,KK Island,Koh Sralao CPA,75,50,1925.242237,0,0.137551582,0,0.302252471,259.465,0,0,0,0,0,0,0,0
350,27,KT19A,2022,288509,1268860,7,Back mangrove,KK Island,Koh Sralao CPA,75,50,1925.242237,0,0.412654746,0,0.302252471,259.465,0,0,0,0,0,0,0,0
351,27,KT32,2022,291821,1269367,23,Mixed mangrove,PKWS Mainland,PKWS,4,100,2665.837752,0,0.137551582,0,0.571622193,299.2,0,0,10,0,0,0,1,0
352,27,KT42,2022,287122.3626,1267771.679,68,Back mangrove,KK Island,Koh Sralao CPA,50,100,2652.073141,0,1.650618982,0,0.589766979,259.465,0,3,0,0,0,0,0,0
353,27,KT60,2022,295344.4327,1273520.116,47,Mixed mangrove,PKWS Mainland,PKWS,2,80,2878.49,0,0,0.137551582,0.624907315,299.2,0,0,0,0,0,0,0,0
354,27,KT66,2022,295509.2551,1273680.786,75,Mixed mangrove,PKWS Mainland,PKWS,2,80,2625.93591,0,0,0,0.553644598,299.2,0,0,0,1,0,0,0,0
355,27,KT93,2022,295132,1273495,75,Mixed mangrove,PKWS Mainland,PKWS,1,80,2994,0.137551582,0.137551582,5.639614856,0.63909775,299.2,0,0,0,4,0,0,0,0
356,27,KT94,2022,284134,1264333,52,Fringe mangrove,KK Island,Koh Kapik CPA,6,80,989.43,0,0.137551582,0,0.628546834,374.747,0,0,0,0,0,0,0,0
357,27,M2,2022,293160,1266301,80,Melaleuca,BSNP Mainland,BSNP,80,60,3649.824571,0,0,1.237964237,0.550933778,858.42,0,0,0,0,0,0,5,0
358,27,M2.2,2022,293160,1266301,8,Melaleuca,BSNP Mainland,BSNP,214.93,60,3649.824571,0,0,0.275103164,0.550933778,858.42,0,0,0,0,0,0,0,0
359,27,M3,2022,293556.7302,1265429.634,56,Fringe mangrove,BSNP Mainland,BSNP,1,80,4392.206458,0,0.550206327,0,0.524625242,549.782,0,0,0,0,0,0,0,0
360,27,S92,2022,284432,1266994,69,Fringe mangrove,KK Island,Koh Kapik CPA,2,80,667.93,0.137551582,0.137551582,1.788170564,0.667135835,374.747,0,0,0,0,0,0,0,0
361,28,A4,2022,282299,1274303,54,Fringe mangrove,KK Island,Peam Krasop CPA,5,80,2060.91,0,0.267022697,0,0.601975322,123.497,0,0,0,0,0,0,1,0
362,28,E3.2,2022,284538.4129,1269426.821,46,Back mangrove,KK Island,Conservation,3,80,1111.477726,0,0,0.534045394,0.651667953,141.236,0,0,0,0,0,0,0,0
363,28,G1,2022,282823.7634,1264827.337,49,Fringe mangrove,KK Island,Koh Kapik CPA,6,80,1818.172977,0.400534045,1.068090788,0.267022697,0.299334794,173.269,0,0,0,0,0,0,0,0
364,28,H2,2022,284859.0053,1266903.141,4,Fringe mangrove,KK Island,Koh Kapik CPA,1,80,1419.728292,0,0,0,0.565680504,374.747,0,0,3,0,0,0,0,0
365,28,J,2022,283969.7282,1267213.386,45,Fringe mangrove,KK Island,Koh Kapik CPA,2,80,575.0682859,0.133511348,0.667556742,0,0.759800851,374.747,0,0,0,0,0,0,8,0
366,28,KT19,2022,288509,1268860,81,Back mangrove,KK Island,Koh Sralao CPA,75,50,1925.242237,0,0,0,0.302252471,259.465,0,1,0,0,0,0,1,0
367,28,KT32,2022,291821,1269367,10,Mixed mangrove,PKWS Mainland,PKWS,4,100,2665.837752,0,0,0.934579439,0.571622193,299.2,0,0,3,0,0,1,0,0
368,28,KT37,2022,285906.0442,1269462.054,24,Back mangrove,KK Island,Koh Sralao CPA,60,80,3493.02,0,0.267022697,0,0.657584369,259.465,0,0,0,0,0,0,1,0
369,28,KT42.2,2022,287122.3626,1267771.679,24,Back mangrove,KK Island,Koh Sralao CPA,50,100,2652.073141,0,0.133511348,0,0.589766979,259.465,0,0,0,0,0,0,0,0
370,28,KT60,2022,295344.4327,1273520.116,27,Mixed mangrove,PKWS Mainland,PKWS,2,80,2878.49,0,0,0.133511348,0.624907315,299.2,0,0,0,0,0,0,0,0
371,28,KT62B,2022,287689.1009,1267731.212,79,Back mangrove,KK Island,Koh Sralao CPA,2,80,2084.144938,0,0,0.133511348,0.56479001,139.437,0,0,45,0,0,0,0,0
372,28,KT92,2022,284079,1266996,28,Fringe mangrove,KK Island,Koh Kapik CPA,5,80,332.36,0.133511348,0.133511348,0.133511348,0.602283537,374.747,0,0,2,0,0,0,1,0
373,28,KT93,2022,295132,1273495,47,Mixed mangrove,PKWS Mainland,PKWS,1,80,2994,0,0,0,0.63909775,299.2,0,0,1,1,0,1,0,0
374,28,KT94,2022,284134,1264333,48,Fringe mangrove,KK Island,Koh Kapik CPA,6,80,989.43,0.133511348,1.335113485,0,0.628546834,374.747,0,0,0,0,0,0,0,0
375,28,KT95,2022,284048,1274975,91,Fringe mangrove,KK Island,Peam Krasop CPA,32,80,1235.9,0.801068091,1.73564753,0,0.379987717,2389.698,0,0,0,0,0,0,0,0
376,28,KT96,2022,280405,1273729,5,Fringe mangrove,KK Island,Conservation,3,80,1306.66,0,0.667556742,0,0.64161849,2389.698,0,0,0,0,0,0,0,0
377,28,M2.2,2022,293160,1266301,13,Melaleuca,BSNP Mainland,BSNP,214.93,60,3649.824571,0,0,0,0.550933778,858.42,0,1,0,0,0,0,5,0
378,28,N1,2022,297018,1270258,76,Melaleuca,Islet,PKWS,87,40,5624.3,0,0.133511348,0,0.538060009,82.47,0,0,0,0,0,0,0,0
379,29,A4,2022,282299,1274303,45,Fringe mangrove,KK Island,Peam Krasop CPA,5,80,2060.91,0,0,1.291248207,0.601975322,123.497,0,0,0,0,0,0,0,0
380,29,E3,2022,283457.2653,1268097.497,16,Back mangrove,KK Island,Koh Kapik CPA,2,80,1111.477726,0,0,0,0.680761874,147.931,0,0,0,0,0,0,1,0
381,29,G1,2022,282823.7634,1264827.337,51,Fringe mangrove,KK Island,Koh Kapik CPA,6,80,1818.172977,0,0.430416069,0,0.299334794,173.269,0,0,0,0,0,0,0,0
382,29,J,2022,283969.7282,1267213.386,36,Fringe mangrove,KK Island,Koh Kapik CPA,2,80,575.0682859,0,0.286944046,0,0.759800851,374.747,0,0,22,0,0,0,10,0
383,29,KT19,2022,288509,1268860,58,Back mangrove,KK Island,Koh Sralao CPA,75,50,1925.242237,0,1.004304161,0.286944046,0.302252471,259.465,0,1,0,0,0,0,0,0
384,29,KT19A,2022,288509,1268860,27,Back mangrove,KK Island,Koh Sralao CPA,75,50,1925.242237,0,1.147776184,0.143472023,0.302252471,259.465,0,0,0,0,0,0,1,0
385,29,KT32,2022,291821,1269367,36,Mixed mangrove,PKWS Mainland,PKWS,4,100,2665.837752,0,0,0,0.571622193,299.2,0,0,8,0,0,0,2,0
386,29,KT42,2022,287122.3626,1267771.679,58,Back mangrove,KK Island,Koh Sralao CPA,50,100,2652.073141,0,0,0,0.589766979,259.465,0,4,0,0,0,3,1,0
387,29,KT42.2,2022,287122.3626,1267771.679,27,Back mangrove,KK Island,Koh Sralao CPA,50,100,2652.073141,0,0,0.286944046,0.589766979,259.465,0,1,0,0,0,0,1,0
388,29,KT60,2022,295344.4327,1273520.116,49,Mixed mangrove,PKWS Mainland,PKWS,2,80,2878.49,0,0,0,0.624907315,299.2,0,0,0,1,0,0,0,0
389,29,KT62B,2022,287689.1009,1267731.212,58,Back mangrove,KK Island,Koh Sralao CPA,2,80,2084.144938,0,0.143472023,0.717360115,0.56479001,139.437,0,1,47,0,0,0,0,0
390,29,KT66,2022,295509.2551,1273680.786,59,Mixed mangrove,PKWS Mainland,PKWS,2,80,2625.93591,0,0,0.143472023,0.553644598,299.2,0,0,0,0,0,0,0,0
391,29,KT92,2022,284079,1266996,54,Fringe mangrove,KK Island,Koh Kapik CPA,5,80,332.36,0.143472023,0,11.19081779,0.602283537,374.747,0,0,13,0,0,1,0,0
392,29,M2.2,2022,293160,1266301,24,Melaleuca,BSNP Mainland,BSNP,214.93,60,3649.824571,0,0,0,0.550933778,858.42,0,0,0,0,0,0,1,0
393,29,M3,2022,293556.7302,1265429.634,52,Fringe mangrove,BSNP Mainland,BSNP,1,80,4392.206458,0,1.578192253,0,0.524625242,549.782,0,0,0,0,0,0,0,0
394,29,N1,2022,297018,1270258,47,Melaleuca,Islet,PKWS,87,40,5624.3,0,0,0,0.538060009,82.47,0,0,0,0,0,0,0,0
395,29,S92,2022,284432,1266994,2,Fringe mangrove,KK Island,Koh Kapik CPA,2,80,667.93,0,0,0.430416069,0.667135835,374.747,0,0,0,0,0,1,0,0
396,30,E3.2,2023,284538.4129,1269426.821,49,Back mangrove,KK Island,Conservation,589,80,1111.477726,0,0,0.528169014,0.781048775,141.236,1,0,0,0,0,0,0,0
397,30,G1,2023,282823.7634,1264827.337,22,Fringe mangrove,KK Island,Koh Kapik CPA,0,80,1818.172977,0,0.352112676,0,0.638359308,173.269,0,0,0,0,0,0,0,0
398,30,H2,2023,284859.0053,1266903.141,52,Fringe mangrove,KK Island,Koh Kapik CPA,1,80,1419.728292,0,0,0,0.760716558,374.747,0,0,1,0,0,0,0,0
399,30,J,2023,283969.7282,1267213.386,34,Fringe mangrove,KK Island,Koh Kapik CPA,1,80,575.0682859,0.352112676,0.176056338,0,0.880786657,374.747,0,0,1,0,0,0,2,0
400,30,KT100,2023,282887,1270172,51,Back mangrove,KK Island,Core Zone,242,80,3355.19,0,0.176056338,0,0.895620883,147.931,1,0,0,0,0,0,5,0
401,30,KT101,2023,284227,1272157,11,Back mangrove,KK Island,Core Zone,383,80,6411.72,0,0,0,0.785111308,66.789,0,0,0,0,0,0,0,0
402,30,KT102,2023,285813,1266704,24,Back mangrove,KK Island,Koh Kapik CPA,161,80,2087.09,0,0,1.936619718,0.739975691,59.104,0,0,0,0,0,0,0,0
403,30,KT19,2023,288509,1268860,53,Back mangrove,KK Island,Koh Sralao CPA,75,50,1925.242237,0,0,0,0.414708108,259.465,0,0,0,0,0,0,0,0
404,30,KT37,2023,285906.0442,1269462.054,10,Back mangrove,KK Island,Koh Sralao CPA,60,80,3493.02,0,0,0.528169014,0.807009935,259.465,0,0,0,0,0,0,0,0
405,30,KT42,2023,287122.3626,1267771.679,53,Back mangrove,KK Island,Koh Sralao CPA,50,100,2652.073141,0,0,0,0.725671887,259.465,0,0,0,0,0,0,0,0
406,30,KT60,2023,295344.4327,1273520.116,29,Mixed mangrove,PKWS Mainland,PKWS,2,80,2878.49,0,0.176056338,0.176056338,0.712302327,299.2,0,0,0,0,0,0,0,0
407,30,KT92,2023,284079,1266996,40,Fringe mangrove,KK Island,Koh Kapik CPA,5,80,332.36,1.232394366,1.232394366,0.352112676,0.809157073,374.747,1,0,8,0,0,0,0,0
408,30,N1,2023,297018,1270258,39,Melaleuca,Islet,PKWS,87,40,5624.3,0,0,0,0.638225257,82.47,0,0,0,0,1,0,0,0
409,30,S92,2023,284432,1266994,52,Fringe mangrove,KK Island,Koh Kapik CPA,2,80,667.93,0,0.704225352,0,0.771136463,374.747,0,0,0,0,0,0,1,0
410,31,G1,2023,282823.7634,1264827.337,38,Fringe mangrove,KK Island,Koh Kapik CPA,0,80,1818.172977,0.264550265,1.322751323,0,0.638359308,173.269,0,0,0,0,0,0,0,0
411,31,H2,2023,284859.0053,1266903.141,68,Fringe mangrove,KK Island,Koh Kapik CPA,1,80,1419.728292,0,0,0,0.760716558,374.747,0,0,6,0,0,0,1,0
412,31,J,2023,283969.7282,1267213.386,46,Fringe mangrove,KK Island,Koh Kapik CPA,1,80,575.0682859,0,0.264550265,0,0.880786657,374.747,0,0,0,0,0,0,2,0
413,31,KT100,2023,282899.0417,1270181.954,71,Back mangrove,KK Island,Core Zone,242,80,3355.19,0,0.661375661,0,0.883990705,147.931,3,0,0,0,0,0,4,0
414,31,KT101,2023,284226.6452,1272157.47,75,Back mangrove,KK Island,Core Zone,383,80,6411.72,0,0,0,0.785111308,66.789,0,0,1,0,0,0,0,0
415,31,KT102,2023,285813.0442,1266704.009,71,Back mangrove,KK Island,Koh Kapik CPA,161,80,2087.09,0,0,0,0.739975691,59.104,0,0,0,0,0,0,1,0
416,31,KT19,2023,288278.2707,1268874.893,3,Back mangrove,KK Island,Koh Sralao CPA,75,50,1925.242237,0,0,0.132275132,0.771217704,259.465,0,0,0,0,0,1,0,0
417,31,KT32,2023,291816.099,1269360.122,62,Mixed mangrove,PKWS Mainland,PKWS,4,100,2665.837752,0,0.529100529,0.132275132,0.718960524,299.2,0,0,8,0,0,0,8,1
418,31,KT37,2023,285906.0442,1269462.054,27,Back mangrove,KK Island,Koh Sralao CPA,60,80,3493.02,0,0.132275132,0,0.807009935,259.465,0,0,0,0,0,0,2,0
419,31,KT42,2023,287122.3626,1267771.679,71,Back mangrove,KK Island,Koh Sralao CPA,50,100,2652.073141,0,0,0,0.725671887,259.465,0,3,0,0,0,2,2,0
420,31,KT60,2023,295344.289,1273531.513,31,Mixed mangrove,PKWS Mainland,PKWS,2,80,2878.49,0,0,0,0.734172523,299.2,0,0,0,0,0,0,0,0
421,31,KT66,2023,295495.407,1273698.799,45,Mixed mangrove,PKWS Mainland,PKWS,2,80,2625.93591,0,0,0.132275132,0.754244149,299.2,0,0,0,4,0,0,0,0
422,31,KT92,2023,284072.9749,1266996.484,58,Fringe mangrove,KK Island,Koh Kapik CPA,5,80,332.36,0.529100529,1.455026455,0.264550265,0.809157073,374.747,1,0,8,0,0,1,3,0
423,31,KT93,2023,295132.4881,1273495.061,50,Mixed mangrove,PKWS Mainland,PKWS,1,80,2994,0,0,0,0.760986924,299.2,0,0,0,0,0,0,0,0
424,31,M2.2,2023,293227.2405,1266177.362,40,Melaleuca,BSNP Mainland,BSNP,214.93,60,3649.824571,0,0,0,0.56284827,858.42,0,0,0,0,0,1,0,0
425,32,CO2,2023,298123,1274934,50,Semi-evergreen,PKWS Mainland,PKWS,354,80,2665.837752,0.313479624,1.253918495,0,0.724665403,186.443,0,1,0,0,0,3,0,0
426,32,J,2023,283969.7282,1267213.386,19,Fringe mangrove,KK Island,Koh Kapik CPA,1,80,2665.837752,0,0,0.313479624,0.880786657,374.747,1,0,2,0,0,0,4,0
427,32,KT100,2023,282899.0417,1270181.954,42,Back mangrove,KK Island,Core Zone,242,80,3355.19,0,2.821316614,2.507836991,0.883990705,147.931,0,0,0,0,0,0,5,0
428,32,KT102,2023,285813.0442,1266704.009,15,Back mangrove,KK Island,Koh Kapik CPA,161,80,2087.09,0,0,0.940438871,0.739975691,59.104,0,0,0,0,0,0,0,0
429,32,KT32,2023,291816.099,1269360.122,86,Mixed mangrove,PKWS Mainland,PKWS,4,80,2665.837752,0,0.313479624,0,0.718960524,299.2,0,0,1,0,0,0,1,0
430,32,KT37,2023,285906.0442,1269462.054,16,Back mangrove,KK Island,Koh Sralao CPA,60,80,2665.837752,0,0.626959248,0.940438871,0.807009935,259.465,0,0,0,0,0,0,0,0
431,32,KT60,2023,295344.289,1273531.513,51,Mixed mangrove,PKWS Mainland,PKWS,2,80,2665.837752,0,0,0,0.734172523,299.2,0,0,1,0,0,0,0,0
432,32,KT92,2023,284072.9749,1266996.484,21,Fringe mangrove,KK Island,Koh Kapik CPA,5,80,332.36,0.940438871,0.313479624,0.313479624,0.809157073,374.747,1,0,2,0,0,0,1,0
433,32,M2.2,2023,293227.2405,1266177.362,20,Melaleuca,BSNP Mainland,BSNP,214.93,60,3649.824571,0,0,2.194357367,0.56284827,858.42,0,0,0,0,0,0,1,0
434,33,E3.2,2023,284538.4129,1269426.821,77,Back mangrove,KK Island,Conservation,589,80,1111.477726,0,0,0,0.781048775,141.236,0,0,0,0,0,0,0,0
435,33,G1,2023,282823.7634,1264827.337,42,Fringe mangrove,KK Island,Koh Kapik CPA,0,80,1818.172977,1.237623762,1.98019802,0,0.638359308,173.269,0,0,0,0,0,0,0,0
436,33,J,2023,283969.7282,1267213.386,37,Fringe mangrove,KK Island,Koh Kapik CPA,1,80,575.0682859,0,0.742574257,0,0.880786657,374.747,0,0,0,0,0,0,0,0
437,33,KT102,2023,285813.0442,1266704.009,23,Back mangrove,KK Island,Koh Kapik CPA,161,80,2087.09,0,0.247524752,0.99009901,0.739975691,59.104,0,0,0,0,0,0,0,0
438,33,KT32,2023,291816.099,1269360.122,52,Mixed mangrove,PKWS Mainland,PKWS,4,100,2665.837752,0,0.742574257,2.475247525,0.718960524,299.2,0,1,19,0,0,1,5,0
439,33,KT37,2023,285906.0442,1269462.054,10,Back mangrove,KK Island,Koh Sralao CPA,60,80,3649.824571,0,0.742574257,0,0.807009935,259.465,0,0,0,0,0,0,0,0
440,33,KT42,2023,287122.3626,1267771.679,41,Back mangrove,KK Island,Koh Sralao CPA,50,100,2652.073141,0,0.495049505,0.742574257,0.725671887,259.465,0,0,0,0,0,0,1,0
441,33,KT46,2023,283308.2364,1268120.541,15,Back mangrove,KK Island,Koh Kapik CPA,1,50,1187.219621,6.435643564,0.495049505,4.455445545,0.651871204,147.931,0,0,0,0,0,0,0,0
442,33,KT92,2023,284072.9749,1266996.484,41,Fringe mangrove,KK Island,Koh Kapik CPA,5,80,332.36,0.247524752,1.732673267,0,0.809157073,374.747,1,1,2,0,0,0,1,0
443,33,M2.2,2023,293227.2405,1266177.362,28,Melaleuca,BSNP Mainland,BSNP,214.93,60,3649.824571,0,0.742574257,5.693069307,0.56284827,858.42,0,0,0,0,1,0,4,0
444,33,N1,2023,296997.9329,1270263.488,40,Melaleuca,Islet,PKWS,87,40,5624.3,0,0,0,0.740499854,82.47,0,0,0,0,0,0,0,0
445,34,E3.2,2023,284538.4129,1269426.821,67,Back mangrove,KK Island,Conservation,589,80,1111.477726,0,0,0,0.781048775,141.236,0,0,4,0,0,0,0,0
446,34,G1,2023,282823.7634,1264827.337,35,Fringe mangrove,KK Island,Koh Kapik CPA,0,80,1818.172977,2.380952381,0.714285714,0,0.638359308,173.269,0,2,0,0,0,0,0,0
447,34,J,2023,283969.7282,1267213.386,25,Fringe mangrove,KK Island,Koh Kapik CPA,1,80,575.0682859,0,0,2.380952381,0.880786657,374.747,2,0,2,0,0,0,18,0
448,34,KT101,2023,284226.6452,1272157.47,75,Back mangrove,KK Island,Core Zone,383,80,6411.72,0,0,2.142857143,0.785111308,66.789,0,1,10,0,0,0,1,0
449,34,KT102,2023,285813.0442,1266704.009,26,Back mangrove,KK Island,Koh Kapik CPA,161,80,2087.09,0,0.714285714,1.19047619,0.739975691,59.104,0,0,0,0,0,0,0,0
450,34,KT19A,2023,288278.2707,1268874.893,23,Back mangrove,KK Island,Koh Sralao CPA,75,50,1925.242237,0,0.476190476,0,0.771217704,259.465,0,0,0,0,0,1,0,0
451,34,KT32,2023,291816.099,1269360.122,42,Mixed mangrove,PKWS Mainland,PKWS,4,100,2665.837752,0,0.476190476,1.19047619,0.718960524,299.2,0,0,7,0,0,1,4,0
452,34,KT46A,2023,283308.2364,1268120.541,30,Back mangrove,KK Island,Koh Kapik CPA,1,50,1187.219621,6.19047619,0.238095238,0,0.651871204,147.931,0,0,0,0,0,0,0,0
453,34,KT92,2023,284072.9749,1266996.484,19,Fringe mangrove,KK Island,Koh Kapik CPA,5,80,332.36,0,0.476190476,1.666666667,0.809157073,374.747,0,0,6,0,0,0,1,0
454,34,M2.2,2023,293227.2405,1266177.362,19,Melaleuca,BSNP Mainland,BSNP,214.93,60,3649.824571,0,0,3.095238095,0.56284827,858.42,0,0,0,0,0,1,0,0
455,35,J,2023,283969.7282,1267213.386,13,Fringe mangrove,KK Island,Koh Kapik CPA,1,80,575.0682859,0,0,0,0.880786657,374.747,0,0,0,0,0,0,2,0
456,35,KT100A,2023,282899.0417,1270181.954,12,Back mangrove,KK Island,Core Zone,242,80,3355.19,0,0,1.709401709,0.883990705,147.931,0,0,0,0,0,0,2,0
457,35,KT102A,2023,285813.0442,1266704.009,13,Back mangrove,KK Island,Koh Kapik CPA,161,80,2087.09,0,5.982905983,0,0.739975691,59.104,0,0,0,0,0,0,2,0
458,35,KT105A,2023,284058,1264903,13,Back mangrove,KK Island,Koh Kapik CPA,5,80,1532.04,0.854700855,0,0,0.524492264,412.569,0,0,1,0,0,0,0,0
459,35,KT32,2023,291816.099,1269360.122,12,Mixed mangrove,PKWS Mainland,PKWS,4,100,2665.837752,0,0.854700855,5.982905983,0.718960524,299.2,0,1,4,0,0,0,1,0
460,35,KT42,2023,287122.3626,1267771.679,12,Back mangrove,KK Island,Koh Sralao CPA,50,100,2652.073141,0,0,0.854700855,0.725671887,259.465,0,1,0,0,0,0,0,0
461,35,KT46A,2023,283308.2364,1268120.541,13,Back mangrove,KK Island,Koh Kapik CPA,1,50,1187.219621,7.692307692,1.709401709,0,0.651871204,147.931,1,0,0,0,0,0,0,0
462,35,KT92,2023,284072.9749,1266996.484,13,Fringe mangrove,KK Island,Koh Kapik CPA,5,80,332.36,0.854700855,0.854700855,1.709401709,0.809157073,374.747,0,0,5,0,0,0,4,0
463,35,M2.2,2023,293227.2405,1266177.362,13,Melaleuca,BSNP Mainland,BSNP,214.93,60,3649.824571,0,1.709401709,7.692307692,0.56284827,858.42,0,0,0,0,0,0,0,0
464,MoE,PK10,2022,283154,1272229,93,Back mangrove,KK Island,Core Zone,323,80,5406.44,0,0.512820513,1.923076923,0.712946296,6.379,0,0,0,0,0,1,0,0
465,MoE,PK11,2022,282537,1272357,93,Back mangrove,KK Island,Core Zone,112,80,5280.9,0,2.820512821,1.153846154,0.747211933,6.763,0,0,0,0,0,1,3,0
466,MoE,PK12,2022,283862.7997,1271740.756,64,Back mangrove,KK Island,Core Zone,118,80,4757.69,0,0.769230769,2.435897436,0.72676152,66.789,0,0,9,0,0,0,5,0
467,MoE,PK13,2022,282291.2568,1271432.653,65,Back mangrove,KK Island,Core Zone,328,80,4784.05,0,0.384615385,0.512820513,0.651502132,2389.698,0,0,0,0,0,0,5,0
468,MoE,PK14,2022,284544.9701,1270636.85,91,Back mangrove,KK Island,Core Zone,125,80,3759.61,0,0.769230769,1.41025641,0.640081823,59.835,0,0,0,0,0,0,3,0
469,MoE,PK16,2022,284197.4695,1270883.528,92,Back mangrove,KK Island,Core Zone,262,80,3932.19,0,0.128205128,1.794871795,0.720930219,59.835,0,0,0,0,0,0,2,0
470,MoE,PK32,2022,282908,1272945,93,Back mangrove,KK Island,Conservation,241,100,4947.12,0,0.384615385,1.41025641,0.667326748,18.598,0,0,0,0,0,0,1,0
471,MoE,PK33,2022,284227,1272157,72,Back mangrove,KK Island,Core Zone,383,80,6411.72,0,0,0.256410256,0.619377196,66.789,5,0,0,0,0,6,1,0
472,MoE,PK34,2022,282887,1270172,25,Back mangrove,KK Island,Core Zone,242,80,3355.19,0,0,0.384615385,0.760380387,147.931,0,0,0,0,0,0,4,0
473,MoE,PK35,2022,284829.1222,1269728.094,93,Back mangrove,KK Island,Conservation,166,80,3021.77,0,1.025641026,1.41025641,0.622496784,141.236,0,0,0,0,0,1,14,0
